row_index,var_pair,lag,coef
0,P_aero,0,0.1584769831817496
0,T_T,1,0.4486934706129155
0,H_H,1,0.4602505989642044
0,H_CO2,0,0.22611051481659755
0,CO2_H,0,0.22611051481659755
0,CO2_CO2,1,0.3976911525152724
0,CO2_aero,0,0.5989513963491978
0,aero_P,0,0.1584769831817496
0,aero_P,1,0.09915747801629055
0,aero_CO2,0,0.5989513963491978
0,aero_CO2,1,0.6086764546828142
0,aero_aero,1,0.55696805529895
1,T_T,1,0.7650834007121876
1,T_CO2,0,0.07577815172071242
1,T_CO2,1,-0.24262710380962627
1,H_T,1,0.0497225567063476
1,H_H,1,0.411395027348597
1,CO2_T,0,0.07577815172071242
1,CO2_T,1,0.047267310925220636
1,CO2_CO2,1,-0.07245181816794267
1,aero_aero,1,0.49303026275976786
2,T_T,1,0.4121869732318454
2,T_H,0,0.5393884045319777
2,T_H,1,0.27483677169660387
2,T_CO2,1,-0.02173862270789961
2,H_T,0,0.5393884045319777
2,H_T,1,0.23678689129106573
2,H_H,1,0.452183353448174
2,H_CO2,1,-0.05241645968192055
2,CO2_CO2,1,-0.034360258812176844
2,aero_aero,1,0.4942998625134367
3,T_T,1,0.33161970363759313
3,T_CO2,0,-0.30207255655294957
3,T_CO2,1,-0.6984548149203424
3,T_aero,0,-0.670969390326066
3,T_aero,1,0.016253553307840323
3,CO2_T,0,-0.30207255655294957
3,CO2_CO2,1,0.2615511253777404
3,aero_T,0,-0.670969390326066
3,aero_T,1,-0.2968395998532859
3,aero_CO2,1,0.6401372004794836
4,P_CO2,1,0.6147699196536732
4,T_T,1,0.7538702458510176
4,T_CO2,0,-0.5313593822154858
4,T_CO2,1,-0.5037477527470037
4,H_P,1,0.46714698366233803
4,CO2_T,0,-0.5313593822154858
4,CO2_aero,0,0.1853979326245008
4,aero_CO2,0,0.1853979326245008
4,aero_aero,1,0.9178996921894595
5,T_T,1,0.9950084398989592
5,T_H,0,0.9606001682412857
5,T_H,1,0.9586156204393085
5,H_T,0,0.9606001682412857
5,H_T,1,0.936045924673838
5,H_H,1,0.9237385636499621
5,CO2_CO2,1,-0.0976827310480866
5,CO2_aero,0,0.15522998817523317
5,aero_H,1,0.17197057261271656
5,aero_CO2,0,0.15522998817523317
5,aero_aero,1,-0.027710841658889238
6,T_T,1,0.9282404749341211
6,T_H,0,0.06617503286078037
6,T_H,1,0.04886547783289184
6,T_CO2,0,-0.08291842185181725
6,T_CO2,1,-0.06511894613850883
6,H_T,0,0.06617503286078037
6,H_H,1,-0.017912526587942394
6,CO2_T,0,-0.08291842185181725
6,CO2_CO2,1,0.4302460345489943
6,aero_H,1,-0.00013793664693869667
6,aero_aero,1,0.48903461951622035
7,T_H,0,0.2951515178955294
7,H_T,0,0.2951515178955294
7,H_aero,0,0.10108230384585605
7,aero_H,0,0.10108230384585605
7,aero_H,1,-0.07545253039241093
7,aero_aero,1,0.5230362219696395
8,T_T,1,-0.14814652925855834
8,T_aero,1,-0.40106072217781547
8,H_H,1,0.43020701966278574
8,H_CO2,0,-0.19114390660634478
8,H_CO2,1,0.02882390288883176
8,CO2_T,1,0.7421522980626801
8,CO2_H,0,-0.19114390660634478
8,CO2_CO2,1,-0.08297515184491053
9,T_T,1,-0.022058457294728318
9,H_H,1,0.5405662727808294
9,CO2_CO2,1,0.615523999249523
9,aero_aero,1,-0.04582937827939921
10,T_T,1,0.39998524267404495
10,H_T,1,-0.02291649971094861
10,CO2_CO2,1,0.2822140096617313
10,CO2_aero,0,0.544194795823331
10,CO2_aero,1,0.25441225907188386
10,aero_H,1,0.24967184484525895
10,aero_CO2,0,0.544194795823331
10,aero_CO2,1,0.5119673817249589
10,aero_aero,1,0.36936185037357727
11,T_T,1,0.6017612602991866
11,T_CO2,1,-0.20732515426691703
11,CO2_CO2,1,-0.10216512763668648
11,aero_aero,1,-0.04582937827939921
12,T_T,1,0.45059402726189834
12,CO2_CO2,1,-0.09701908184899527
12,CO2_aero,0,0.011122991360276677
12,CO2_aero,1,0.03033883636417249
12,aero_CO2,0,0.011122991360276677
12,aero_CO2,1,-0.0677724259926185
12,aero_aero,1,0.6386988450990373
13,P_aero,1,0.5281989619803051
13,T_T,1,-0.01101389876633602
13,T_H,0,0.580386328158206
13,T_H,1,-0.02175433549190722
13,H_T,0,0.580386328158206
13,aero_aero,1,0.10127887547191765
14,T_T,1,-0.035587641286439944
14,T_H,1,0.8310551657132635
14,H_CO2,0,-0.08984692316034848
14,H_aero,1,0.741746853594041
14,CO2_H,0,-0.08984692316034848
14,CO2_H,1,-0.09167672696816224
14,CO2_CO2,1,0.3654546033964129
14,CO2_aero,1,-0.043442297674035076
14,aero_CO2,1,-0.049149887024899606
15,T_T,1,-0.013718110348334155
15,CO2_CO2,1,0.3037905303851773
16,T_T,1,0.47494744446965953
16,T_H,0,-0.04096174159213299
16,T_H,1,-0.08737297927214178
16,T_CO2,0,-0.004925342995997367
16,T_CO2,1,0.0011093670099882685
16,T_aero,0,0.018316988093510726
16,T_aero,1,-0.06636991804865011
16,H_T,0,-0.04096174159213299
16,H_T,1,0.0028782106336771775
16,H_H,1,-0.024546592930676618
16,H_CO2,0,-0.0031162996438538334
16,H_CO2,1,0.025039955513210175
16,H_aero,0,0.8809570161071992
16,H_aero,1,-0.005413098602750419
16,CO2_T,0,-0.004925342995997367
16,CO2_T,1,0.017660522732703667
16,CO2_H,0,-0.0031162996438538334
16,CO2_H,1,0.026040700395510177
16,CO2_CO2,1,0.44645329104014037
16,aero_T,0,0.018316988093510726
16,aero_T,1,0.05738013874048787
16,aero_H,0,0.8809570161071992
16,aero_H,1,-0.06885364820951256
16,aero_CO2,1,0.04627138315694004
16,aero_aero,1,-0.043866441956225403
17,P_aero,0,0.28064924011529924
17,T_CO2,0,-0.6387454656301907
17,T_CO2,1,0.02913709693773953
17,H_H,1,-0.015543621622487902
17,CO2_T,0,-0.6387454656301907
17,aero_P,0,0.28064924011529924
17,aero_aero,1,0.40044322785047204
18,H_H,1,0.7143441573496246
18,CO2_CO2,1,-0.040191432936343974
18,CO2_aero,0,0.8705888526241267
18,aero_CO2,0,0.8705888526241267
18,aero_CO2,1,-0.03874744415881883
18,aero_aero,1,-0.04582937827939921
19,P_H,0,0.3030034678411439
19,P_CO2,1,0.3693872517690478
19,P_aero,0,0.42451653507960696
19,T_T,1,0.4775271882226416
19,T_H,0,0.08175697053954563
19,T_H,1,0.0005486888167438512
19,T_CO2,0,-0.020240496695631553
19,T_CO2,1,0.024686820181704722
19,T_aero,0,0.022648960282730356
19,T_aero,1,-0.014062832570160182
19,H_P,0,0.3030034678411439
19,H_T,0,0.08175697053954563
19,H_H,1,-0.027604106571652465
19,H_CO2,0,0.003605254908972682
19,H_CO2,1,0.72167753438192
19,H_aero,0,0.7578498100962583
19,H_aero,1,-0.034551272071614715
19,CO2_T,0,-0.020240496695631553
19,CO2_T,1,0.0047921108379800495
19,CO2_H,0,0.003605254908972682
19,CO2_CO2,1,0.024667416144048982
19,CO2_aero,0,0.04847665313363992
19,aero_P,0,0.42451653507960696
19,aero_T,0,0.022648960282730356
19,aero_T,1,-0.031131157930055237
19,aero_H,0,0.7578498100962583
19,aero_H,1,0.0065987287466925835
19,aero_CO2,0,0.04847665313363992
19,aero_CO2,1,0.901733817948994
19,aero_aero,1,-0.04757110968355382
20,T_T,1,0.4710973558699762
20,T_CO2,0,0.018434625456376575
20,T_CO2,1,-0.034602808933282776
20,H_H,1,-0.028388728819571076
20,H_CO2,0,0.05441076786578295
20,H_CO2,1,0.5719178450713897
20,CO2_T,0,0.018434625456376575
20,CO2_T,1,-0.011171230523385294
20,CO2_H,0,0.05441076786578295
20,CO2_CO2,1,-0.028573408941958898
20,aero_H,1,-0.00343325856070426
20,aero_CO2,1,0.7572286994579732
21,P_CO2,1,0.1825017278094245
21,P_aero,1,0.06490286986999207
21,T_T,1,-0.037025390335561265
21,T_CO2,0,-0.5107845430256905
21,T_CO2,1,-0.26222906743663477
21,T_aero,1,-0.047814673819952684
21,H_aero,0,-0.03899276784789696
21,CO2_T,0,-0.5107845430256905
21,CO2_CO2,1,0.25453784887007613
21,CO2_aero,0,0.31238989212880386
21,CO2_aero,1,0.22058217913034597
21,aero_H,0,-0.03899276784789696
21,aero_H,1,-0.005667168900421891
21,aero_CO2,0,0.31238989212880386
21,aero_CO2,1,0.22901093485607532
21,aero_aero,1,0.5208726524095371
22,P_T,0,0.44911960857785815
22,P_CO2,0,0.21135210202786103
22,P_aero,0,0.2646992325211278
22,T_P,0,0.44911960857785815
22,H_H,1,0.5039848943232018
22,CO2_P,0,0.21135210202786103
22,aero_P,0,0.2646992325211278
22,aero_H,1,0.26360369318134097
23,P_T,1,0.41414878544848066
23,T_T,1,0.5578908951259921
23,H_aero,0,0.2848526530328563
23,CO2_aero,0,0.6137879083947587
23,aero_H,0,0.2848526530328563
23,aero_CO2,0,0.6137879083947587
23,aero_aero,1,-0.043866441956225403
24,T_CO2,1,0.0390835874488548
24,H_H,1,-0.06082093331439881
24,H_aero,0,0.8021923833359571
24,CO2_P,1,0.4428354598311471
24,aero_H,0,0.8021923833359571
24,aero_H,1,-0.022472112903913523
25,H_H,1,-0.05813766600183225
25,CO2_CO2,1,0.2112320034311337
25,CO2_aero,0,0.5086378006499105
25,CO2_aero,1,0.33114465186395153
25,aero_CO2,0,0.5086378006499105
25,aero_CO2,1,0.5116727491527874
25,aero_aero,1,0.4960211995248282
26,T_T,1,0.4182092914995174
26,T_H,0,0.264916402057543
26,T_H,1,0.6548019938025749
26,H_T,0,0.264916402057543
26,H_H,1,0.2669227533967918
26,H_CO2,0,0.16651848850843806
26,H_CO2,1,0.5044263875174714
26,CO2_T,1,0.19161584912692142
26,CO2_H,0,0.16651848850843806
27,T_CO2,1,0.009901574772581792
27,T_aero,1,-0.15970149800411645
27,CO2_aero,0,0.028762916282935716
27,CO2_aero,1,0.03840993050950174
27,aero_CO2,0,0.028762916282935716
27,aero_CO2,1,-0.055391904392322604
27,aero_aero,1,0.5287768538493547
28,T_T,1,0.581046530946135
28,H_T,1,0.3541364536283234
28,H_H,1,0.4823360395792437
28,CO2_CO2,1,0.4659777281459621
29,T_T,1,-0.03115287923971394
29,T_H,0,-0.028917062157352815
29,T_H,1,0.04703831128386682
29,T_CO2,0,-0.639923855389445
29,T_CO2,1,0.048373353895182464
29,H_T,0,-0.028917062157352815
29,H_T,1,-0.03825671962542869
29,H_H,1,0.4013763936683725
29,H_CO2,1,-0.03179791254777774
29,CO2_T,0,-0.639923855389445
29,CO2_CO2,1,-0.11730630770317911
29,CO2_aero,0,-0.500618101491556
29,CO2_aero,1,0.09496817257794365
29,aero_CO2,0,-0.500618101491556
30,T_T,1,0.004415512043337005
30,T_H,0,0.05329782815539968
30,T_aero,0,0.59407737373207
30,H_T,0,0.05329782815539968
30,H_T,1,0.8214530953860125
30,H_aero,1,0.7067250396144348
30,CO2_aero,0,0.3021477323872786
30,aero_T,0,0.59407737373207
30,aero_CO2,0,0.3021477323872786
30,aero_CO2,1,-0.04512927646634719
30,aero_aero,1,-0.0825495978253072
31,T_T,1,0.4730276866319377
31,T_H,0,-0.034592254323654724
31,T_H,1,-0.017326666427939355
31,H_T,0,-0.034592254323654724
31,H_T,1,-0.03774040339001468
31,H_H,1,0.4175237463590717
32,T_aero,1,-0.060466451382980325
32,H_CO2,0,0.007955586720957567
32,H_CO2,1,0.20112402573565896
32,H_aero,0,0.40289189087682187
32,CO2_H,0,0.007955586720957567
32,CO2_H,1,-0.13370487785892743
32,CO2_CO2,1,0.4146309832904395
32,CO2_aero,0,-0.04164109494687128
32,CO2_aero,1,-0.0973113045778092
32,aero_H,0,0.40289189087682187
32,aero_CO2,0,-0.04164109494687128
32,aero_CO2,1,0.35045366014996016
32,aero_aero,1,-0.02500737788627457
33,T_T,1,0.4969335000750357
33,CO2_aero,0,0.07684201052623478
33,CO2_aero,1,0.047180603824539605
33,aero_CO2,0,0.07684201052623478
33,aero_aero,1,0.5677399779328113
34,T_T,1,-0.03655833349355862
34,T_H,0,0.8630787422886732
34,T_H,1,-0.04631892050208775
34,H_T,0,0.8630787422886732
34,H_T,1,-0.053776577921683257
34,H_H,1,-0.05904276722314368
34,aero_T,1,-0.023952529476550487
34,aero_H,1,-0.00011481474763268181
35,T_T,1,0.41077608825085693
35,T_CO2,1,-0.13603411957325384
35,H_T,1,0.13976282668078113
35,H_H,1,-0.02192447462352647
35,H_CO2,0,0.2535188931504389
35,H_aero,0,0.49867095232484066
35,CO2_H,0,0.2535188931504389
35,CO2_aero,0,0.544096899573089
35,aero_H,0,0.49867095232484066
35,aero_CO2,0,0.544096899573089
36,T_T,1,0.5351923757171233
36,T_aero,1,-0.05460688281394948
36,H_H,1,0.25866924962221255
36,H_CO2,0,0.6601169576388614
36,H_aero,0,-0.0043753059035108325
36,CO2_H,0,0.6601169576388614
36,CO2_H,1,0.24997305231148675
36,CO2_CO2,1,-0.018907642033097073
36,CO2_aero,0,0.020407647862416164
36,aero_H,0,-0.0043753059035108325
36,aero_H,1,0.6525921451251345
36,aero_CO2,0,0.020407647862416164
36,aero_CO2,1,0.8566903923211308
36,aero_aero,1,-0.04582937827939921
37,T_T,1,0.42251669249723045
37,T_H,1,0.10235757106129827
37,T_CO2,0,0.09138625585257333
37,T_CO2,1,-0.04744087890442619
37,T_aero,0,0.11658587648606353
37,T_aero,1,-0.03755733110981105
37,H_CO2,0,-0.5839647255104162
37,H_aero,0,-0.5275693608925563
37,CO2_T,0,0.09138625585257333
37,CO2_T,1,0.034388268253573245
37,CO2_H,0,-0.5839647255104162
37,CO2_CO2,1,-0.08681944898330364
37,CO2_aero,0,0.929435782235173
37,CO2_aero,1,-0.07630602818342139
37,aero_T,0,0.11658587648606353
37,aero_H,0,-0.5275693608925563
37,aero_CO2,0,0.929435782235173
37,aero_CO2,1,-0.10992637900914871
37,aero_aero,1,-0.10823533806481761
38,T_P,1,-0.015200242634313587
38,T_CO2,0,-0.014532894805618554
38,T_aero,0,0.0677273246383672
38,H_H,1,-0.05383458228473567
38,CO2_T,0,-0.014532894805618554
38,CO2_CO2,1,0.6968947677958075
38,CO2_aero,0,0.8130843633478969
38,CO2_aero,1,0.7797914366634661
38,aero_T,0,0.0677273246383672
38,aero_T,1,0.11188766926594094
38,aero_CO2,0,0.8130843633478969
38,aero_CO2,1,0.8181205570615252
38,aero_aero,1,0.8734294237723944
39,T_T,1,0.7724083615665223
39,H_H,1,0.45505327454350464
39,H_CO2,0,0.37192199425587896
39,H_CO2,1,0.42023148714805614
39,H_aero,0,-0.10863668312870653
39,H_aero,1,0.0024272856754998804
39,CO2_H,0,0.37192199425587896
39,aero_H,0,-0.10863668312870653
39,aero_aero,1,-0.04582937827939921
40,T_T,1,0.47064497422970736
40,T_H,0,0.7032361507705086
40,T_H,1,0.5801774567633248
40,T_CO2,1,-0.13184469040995936
40,H_T,0,0.7032361507705086
40,H_T,1,0.3987291028805231
40,H_H,1,0.392241739726425
40,H_CO2,0,-0.1250678928727848
40,H_CO2,1,-0.11405054409761478
40,CO2_T,1,-0.09112109924693718
40,CO2_H,0,-0.1250678928727848
40,CO2_CO2,1,0.5566464405045242
41,T_T,1,-0.019292270584771246
41,T_H,0,0.877867752063218
41,T_H,1,-0.0004320076269377804
41,T_CO2,1,0.0267448985426622
41,T_aero,0,-0.1857450505475428
41,H_T,0,0.877867752063218
41,H_T,1,-0.038947018328285773
41,H_H,1,-0.03954135638085381
41,H_CO2,1,0.04240358608199645
41,H_aero,0,-0.10924386615811627
41,CO2_CO2,1,0.7138803963327792
41,aero_T,0,-0.1857450505475428
41,aero_T,1,0.04519762908481359
41,aero_H,0,-0.10924386615811627
41,aero_H,1,0.0027062182785877065
41,aero_aero,1,0.4974876532247378
42,T_T,1,0.44606361563935837
42,T_H,0,-0.17560088890076783
42,T_H,1,0.05019653571264638
42,T_CO2,0,0.08342580614285441
42,T_CO2,1,-0.022057201529284972
42,T_aero,0,-0.5534211704098603
42,T_aero,1,-0.4206605062030208
42,H_T,0,-0.17560088890076783
42,H_T,1,-0.06457821189987521
42,H_H,1,-0.04887620725953238
42,H_CO2,0,-0.7269993019845256
42,H_CO2,1,0.07667967005655242
42,H_aero,0,0.09604719970805325
42,CO2_T,0,0.08342580614285441
42,CO2_H,0,-0.7269993019845256
42,CO2_H,1,0.028658869380378833
42,CO2_CO2,1,-0.0939443519540584
42,aero_T,0,-0.5534211704098603
42,aero_T,1,-0.2532953659929124
42,aero_H,0,0.09604719970805325
42,aero_H,1,-0.047582470675598385
42,aero_CO2,1,-0.023606109957172796
42,aero_aero,1,0.1823624208987019
43,T_T,1,0.4755057154503522
43,T_H,0,0.2394608660905732
43,T_H,1,0.12708600820236154
43,H_T,0,0.2394608660905732
43,H_T,1,0.18547747797780734
43,H_H,1,0.5696399414451698
43,CO2_CO2,1,0.4542727463959918
44,H_H,1,0.43523003430362145
44,CO2_H,1,0.12565911376921207
44,aero_aero,1,0.5416978179217963
45,P_H,0,0.15173749455578062
45,T_P,1,0.00030239287159004315
45,T_T,1,-0.020863081360220095
45,T_H,0,-0.00798865689304874
45,T_H,1,0.9048497835754378
45,T_CO2,0,-0.14642374412683007
45,T_CO2,1,-0.5616428486358626
45,T_aero,0,-0.6015108771891211
45,T_aero,1,0.00475979492923626
45,H_P,0,0.15173749455578062
45,H_P,1,0.024786578795491915
45,H_T,0,-0.00798865689304874
45,H_T,1,-0.008579609731056577
45,H_H,1,-0.07072760311852472
45,H_CO2,0,-0.55382355593157
45,H_CO2,1,0.0022496383648671126
45,H_aero,0,-0.05318365164404075
45,H_aero,1,-0.005677545185969042
45,CO2_T,0,-0.14642374412683007
45,CO2_T,1,-0.034385470641641915
45,CO2_H,0,-0.55382355593157
45,CO2_H,1,-0.11225159449968512
45,CO2_CO2,1,-0.049819665733551524
45,CO2_aero,0,-0.040148991102487264
45,CO2_aero,1,0.027732363706313358
45,aero_T,0,-0.6015108771891211
45,aero_T,1,0.006051208043121776
45,aero_H,0,-0.05318365164404075
45,aero_H,1,-0.5669686031691931
45,aero_CO2,0,-0.040148991102487264
45,aero_CO2,1,0.8487184231926096
45,aero_aero,1,-0.04582937827939921
46,P_T,0,0.38612021526355994
46,P_H,0,0.21600384516049687
46,T_P,0,0.38612021526355994
46,T_T,1,-0.03869043533658633
46,T_H,0,0.5817547808761339
46,T_H,1,-0.04061358551956838
46,H_P,0,0.21600384516049687
46,H_T,0,0.5817547808761339
46,CO2_CO2,1,-0.07686929575863449
46,aero_CO2,1,-0.00887798232709454
47,T_T,1,0.8400309972817896
47,T_H,0,-0.04272667439342721
47,T_H,1,-0.0841030928043556
47,T_CO2,1,0.3815949011445455
47,H_T,0,-0.04272667439342721
47,H_T,1,-0.007802865416675829
47,H_H,1,0.4464766020265026
47,H_CO2,0,0.30568434609170286
47,H_CO2,1,0.2027682752740825
47,CO2_H,0,0.30568434609170286
47,CO2_H,1,0.09232749271355463
47,CO2_CO2,1,0.6271068970364495
47,aero_aero,1,0.4829291531465266
48,T_T,1,-0.07065455802695976
48,T_H,1,0.5606613861617834
48,T_CO2,1,-0.14718243917543314
48,H_T,1,6.915318609474937e-05
48,H_H,1,-0.16434346795536248
48,CO2_CO2,1,0.42573810451354355
48,aero_H,1,0.04249206433379378
49,T_T,1,0.6372148191062734
49,T_CO2,1,-0.19096421454158682
49,T_aero,0,-0.226916730346793
49,T_aero,1,-0.17918612610061138
49,H_H,1,0.392409080365517
49,CO2_aero,0,0.550715477023042
49,CO2_aero,1,0.49055811083618833
49,aero_T,0,-0.226916730346793
49,aero_CO2,0,0.550715477023042
49,aero_CO2,1,0.7743113772555366
49,aero_aero,1,0.6686946571270114
50,T_T,1,-0.02733511604509319
50,T_H,0,0.8215756702391636
50,T_H,1,-0.04156637076606733
50,T_CO2,0,-0.7564901057411191
50,T_CO2,1,0.04472291121691448
50,H_T,0,0.8215756702391636
50,H_T,1,-0.030337300960151758
50,H_H,1,-0.07650483653102726
50,H_CO2,0,-0.6894477231092341
50,H_CO2,1,0.05319614160827678
50,CO2_T,0,-0.7564901057411191
50,CO2_T,1,0.018828210692684595
50,CO2_H,0,-0.6894477231092341
50,CO2_H,1,0.045065993995456126
50,CO2_CO2,1,-0.07372845685391473
51,T_T,1,0.5068583545694193
51,H_H,1,-0.05070748593728939
51,CO2_CO2,1,0.5148584077061371
51,aero_CO2,1,0.41475224453687226
52,CO2_aero,1,-0.04399017617971913
52,aero_H,1,0.5451523232845499
53,T_H,0,0.19817017368201914
53,H_T,0,0.19817017368201914
53,CO2_CO2,1,0.44508226509036686
54,T_T,1,0.541529570370395
54,CO2_CO2,1,-0.1019290769523866
55,T_T,1,0.3770367325355751
55,T_CO2,1,-0.410527867842587
55,H_H,1,0.4660744548541763
55,H_aero,0,0.02393016104945802
55,H_aero,1,-0.07152808643519913
55,aero_H,0,0.02393016104945802
55,aero_H,1,-0.011086152535607708
55,aero_aero,1,0.5003872905911805
56,CO2_CO2,1,0.44225435284530085
57,T_T,1,0.40345911137049234
57,T_H,1,-0.003743789243932716
57,T_CO2,0,0.0053834057463933065
57,T_CO2,1,-0.023701482394867
57,T_aero,1,0.01974525468525421
57,H_CO2,0,0.7234322685606119
57,H_aero,0,0.4940066346699297
57,CO2_T,0,0.0053834057463933065
57,CO2_H,0,0.7234322685606119
57,CO2_CO2,1,-0.03663253730890214
57,CO2_aero,0,0.7898768550261069
57,CO2_aero,1,-0.02021767539243282
57,aero_H,0,0.4940066346699297
57,aero_H,1,-0.027274776350764408
57,aero_CO2,0,0.7898768550261069
57,aero_CO2,1,-0.015503988076950002
57,aero_aero,1,-0.03370160717103691
58,T_P,1,0.5153835157509719
58,T_CO2,0,-0.4478644607939445
58,T_CO2,1,0.0885777434407657
58,CO2_T,0,-0.4478644607939445
58,CO2_CO2,1,-0.05461953308986567
59,T_CO2,0,0.5536600099250432
59,T_aero,1,0.02880282606781247
59,CO2_T,0,0.5536600099250432
59,CO2_aero,1,0.08373377396035858
60,T_T,1,0.9357599029999106
60,T_CO2,1,-0.1841563234247932
60,T_aero,1,-0.18070974274266668
60,H_T,1,0.07156346214889472
60,H_H,1,0.43798082333984717
60,H_CO2,0,0.1196436613715663
60,H_aero,0,0.24626773239520144
60,CO2_H,0,0.1196436613715663
60,CO2_H,1,0.1307177588452544
60,CO2_CO2,1,0.01655101650657568
60,CO2_aero,0,0.027810097150289318
60,CO2_aero,1,0.01702129233966396
60,aero_H,0,0.24626773239520144
60,aero_H,1,0.18754911478620034
60,aero_CO2,0,0.027810097150289318
60,aero_CO2,1,0.7905835242698847
60,aero_aero,1,-0.043866441956225403
61,T_T,1,-0.06737271592725541
61,T_H,0,0.30145417800372265
61,T_aero,1,-0.07931707912483552
61,H_T,0,0.30145417800372265
61,H_T,1,-0.04532864338982599
61,H_H,1,0.3954902876166306
61,H_aero,1,0.25435024195181977
61,CO2_aero,1,0.6589157061070713
61,aero_aero,1,0.020984427709156553
62,T_H,1,-0.02102262497357143
62,H_CO2,1,0.5817524113601763
62,CO2_T,1,0.9030745536768772
62,aero_aero,1,0.3864794048097677
63,T_T,1,0.5188564777972072
63,T_CO2,0,-0.27320319225477263
63,T_CO2,1,-0.19629760914453295
63,T_aero,0,-0.27705858169826225
63,T_aero,1,-0.18874902357964907
63,CO2_T,0,-0.27320319225477263
63,CO2_T,1,-0.17467215115507698
63,CO2_CO2,1,0.4554090288861941
63,CO2_aero,0,0.6225651430628811
63,CO2_aero,1,0.5127312127626136
63,aero_T,0,-0.27705858169826225
63,aero_T,1,-0.1666608049632073
63,aero_CO2,0,0.6225651430628811
63,aero_CO2,1,0.7067834012700557
63,aero_aero,1,0.6016315877624231
64,P_CO2,1,-0.11703009292033958
64,T_T,1,0.7446081428723799
64,T_H,0,0.4669095716174609
64,T_H,1,0.6136719522991927
64,T_CO2,0,0.05386481160285138
64,T_aero,0,-0.006308438348870264
64,T_aero,1,0.17434903085511255
64,H_T,0,0.4669095716174609
64,CO2_T,0,0.05386481160285138
64,aero_T,0,-0.006308438348870264
64,aero_T,1,-0.03992053685585518
64,aero_aero,1,-0.043866441956225403
65,P_H,1,0.3513778569040112
65,T_T,1,0.44456447830924684
65,T_CO2,1,-0.21866496535066732
65,H_aero,1,-0.094541223409017
65,CO2_CO2,1,-0.16982851166008892
66,H_H,1,0.8081653546777707
66,aero_T,1,0.5381644902343514
67,P_P,1,-0.08461384988865552
67,T_T,1,0.6398931341919208
67,T_CO2,0,-0.01858466283332356
67,T_CO2,1,-0.012941294278878248
67,H_T,1,-0.07941532069837855
67,CO2_P,1,-0.02218185035962279
67,CO2_T,0,-0.01858466283332356
67,CO2_T,1,-0.05247223971655316
67,CO2_CO2,1,-0.029495466175099697
67,CO2_aero,0,-0.5059965405164115
67,aero_H,1,0.18080348228183915
67,aero_CO2,0,-0.5059965405164115
67,aero_aero,1,-0.04582937827939921
68,T_T,1,0.391034208610106
68,T_CO2,0,-0.11760761226408196
68,T_CO2,1,0.05845181273580793
68,H_H,1,-0.008865945562431315
68,H_aero,1,0.7726358857180043
68,CO2_T,0,-0.11760761226408196
68,CO2_T,1,-0.08180903926228825
69,T_T,1,0.40260994877984113
69,T_H,0,0.052090962104716775
69,T_H,1,0.0990717257405003
69,T_CO2,1,-0.0013618162200485376
69,H_T,0,0.052090962104716775
69,aero_CO2,1,-0.036780787769163284
70,T_T,1,0.5693886203750688
70,T_H,0,0.3371381006534392
70,T_H,1,0.41120616521899944
70,T_CO2,0,-0.0993954533113501
70,T_CO2,1,0.041027139316563786
70,T_aero,0,-0.01203550481042148
70,T_aero,1,0.11715812104302141
70,H_T,0,0.3371381006534392
70,H_T,1,0.26930683566286107
70,H_H,1,0.12468317343705786
70,H_CO2,0,0.013632952563248129
70,H_CO2,1,0.039417557137006336
70,H_aero,0,0.1488516880177732
70,H_aero,1,0.26517646308292975
70,CO2_T,0,-0.0993954533113501
70,CO2_T,1,-0.11403591066176193
70,CO2_H,0,0.013632952563248129
70,CO2_H,1,-0.09288204563765806
70,CO2_CO2,1,-0.07441465203474094
70,aero_T,0,-0.01203550481042148
70,aero_H,0,0.1488516880177732
70,aero_aero,1,-0.03343083162476287
71,T_T,1,-0.07878802571724822
71,CO2_CO2,1,0.3570895753111306
72,T_T,1,0.519367181004768
72,T_H,0,0.04826362186191154
72,T_H,1,0.029899533628275403
72,T_CO2,0,0.36957842246774125
72,T_CO2,1,0.20874891242665403
72,H_T,0,0.04826362186191154
72,H_CO2,0,-0.07969027990039491
72,CO2_T,0,0.36957842246774125
72,CO2_T,1,0.28117563573187926
72,CO2_H,0,-0.07969027990039491
72,CO2_H,1,0.0801038905766041
72,CO2_CO2,1,0.47421662981530505
73,T_T,1,0.870837996116632
73,T_H,0,0.9038408151905643
73,T_H,1,0.8768442179839115
73,T_CO2,0,-0.0752088576994526
73,T_CO2,1,-0.02929200170531043
73,H_T,0,0.9038408151905643
73,H_T,1,0.8687503718718191
73,H_H,1,0.8195534116414641
73,H_CO2,0,-0.05211027185228664
73,H_CO2,1,-0.05836776227818305
73,CO2_T,0,-0.0752088576994526
73,CO2_T,1,-0.061049564789175594
73,CO2_H,0,-0.05211027185228664
73,CO2_H,1,-0.04944820678040406
73,CO2_CO2,1,0.5500155546890897
73,aero_aero,1,-0.04582937827939921
74,T_T,1,0.08106733945688639
74,H_H,1,0.47381118915270953
74,H_CO2,0,0.4827775896113362
74,H_CO2,1,0.053040221249232564
74,CO2_T,1,0.49788258517591477
74,CO2_H,0,0.4827775896113362
74,aero_aero,1,-0.043866441956225403
75,T_T,1,-0.03583588683120915
75,T_CO2,0,0.004361386930412186
75,T_CO2,1,0.023187710463855274
75,H_H,1,-0.03885187395863996
75,H_CO2,0,-0.008476633075588729
75,H_CO2,1,0.027673855447446556
75,CO2_T,0,0.004361386930412186
75,CO2_T,1,0.04869090893074744
75,CO2_H,0,-0.008476633075588729
75,CO2_H,1,-0.011132951092726615
75,CO2_CO2,1,0.6775271568754481
75,aero_aero,1,0.9998522052347719
76,T_T,1,0.4144588488149775
76,T_aero,0,-0.10488027489281437
76,T_aero,1,0.05721998625682215
76,H_H,1,-0.04073859984647221
76,CO2_CO2,1,0.43240286174440395
76,aero_T,0,-0.10488027489281437
76,aero_T,1,-0.08408938633463349
76,aero_aero,1,-0.04582937827939921
77,T_T,1,0.9741570726211992
77,T_H,0,0.006624665253199671
77,T_H,1,0.003258536862905149
77,T_aero,0,0.040794867222623384
77,H_T,0,0.006624665253199671
77,H_H,1,-0.08442206967091619
77,CO2_CO2,1,-0.03765947983876649
77,aero_T,0,0.040794867222623384
77,aero_aero,1,0.5288541800061589
78,T_T,1,0.5537753939612226
78,T_aero,1,-0.11631554444560499
78,H_H,1,0.601297319604821
78,H_CO2,0,0.11711755481957696
78,H_CO2,1,-0.04819740916713279
78,CO2_H,0,0.11711755481957696
78,CO2_H,1,0.09567835048896253
78,CO2_CO2,1,-0.03968833749270622
78,aero_aero,1,-0.043866441956225403
79,T_T,1,-0.045993156075320285
79,T_aero,0,-0.6578886016537894
79,H_H,1,-0.08224595110157028
79,CO2_H,1,0.07256423660981061
79,CO2_CO2,1,0.5674339777293377
79,aero_T,0,-0.6578886016537894
79,aero_T,1,0.011620433778203572
79,aero_aero,1,-0.04582937827939921
80,T_T,1,0.48240389882109047
80,H_aero,1,0.22495251521287624
80,CO2_CO2,1,-0.04828897494601711
81,H_H,1,0.4535393242543343
81,H_CO2,0,0.08812684680045776
81,H_aero,0,0.13225748846683594
81,H_aero,1,0.10244986179298944
81,CO2_H,0,0.08812684680045776
81,CO2_H,1,0.15554864578627575
81,CO2_CO2,1,-0.09692822927278494
81,CO2_aero,0,-0.096750897787812
81,CO2_aero,1,0.9650452846012395
81,aero_H,0,0.13225748846683594
81,aero_H,1,0.009549825988289243
81,aero_CO2,0,-0.096750897787812
81,aero_CO2,1,-0.10894581148827179
81,aero_aero,1,-0.07664172971723532
82,T_T,1,-0.03255170228150083
82,T_H,1,0.048036158757685396
82,T_CO2,1,-0.6257644585659698
82,T_aero,0,-0.5833740774546795
82,H_H,1,0.4775306378846118
82,aero_T,0,-0.5833740774546795
83,T_aero,1,0.46515503338757735
83,CO2_CO2,1,0.45251533243662984
83,aero_aero,1,0.43361751420604094
84,T_CO2,1,0.006045447986766619
84,T_aero,0,-0.6513743633654937
84,H_CO2,0,0.45398463035769687
84,CO2_H,0,0.45398463035769687
84,aero_T,0,-0.6513743633654937
84,aero_T,1,-0.007859395012035478
84,aero_aero,1,-0.04582937827939921
85,T_H,1,0.019342060689321948
85,H_H,1,-0.031713505288966465
85,CO2_T,1,-0.03014375955989159
85,CO2_CO2,1,-0.27088519235796554
85,aero_CO2,1,0.8571532129444875
85,aero_aero,1,-0.043866441956225403
86,T_T,1,0.48419165320953755
86,T_H,0,0.27454765106008777
86,T_H,1,0.21398328344955617
86,T_CO2,0,-0.05671499104331533
86,T_CO2,1,-0.6322333184823505
86,T_aero,0,-0.015767311587521024
86,T_aero,1,-0.0026042831286067158
86,H_T,0,0.27454765106008777
86,H_T,1,0.1333360137404543
86,H_H,1,0.37295798433012095
86,H_CO2,0,-0.11567319757721198
86,H_CO2,1,-0.19118076322380056
86,H_aero,0,0.012332188667603095
86,H_aero,1,-0.045376851264245274
86,CO2_T,0,-0.05671499104331533
86,CO2_T,1,-0.05994934952436415
86,CO2_H,0,-0.11567319757721198
86,CO2_H,1,-0.21314302426564735
86,CO2_CO2,1,0.11881352161191419
86,CO2_aero,0,-0.19066692725118084
86,CO2_aero,1,-0.03792756424739411
86,aero_T,0,-0.015767311587521024
86,aero_T,1,0.052010348181758266
86,aero_H,0,0.012332188667603095
86,aero_H,1,0.4349923492894368
86,aero_CO2,0,-0.19066692725118084
86,aero_aero,1,-0.04582937827939921
87,CO2_CO2,1,0.48891372432104585
87,CO2_aero,0,0.7223729355919875
87,CO2_aero,1,0.4142946807301425
87,aero_CO2,0,0.7223729355919875
87,aero_CO2,1,0.7140600485500471
87,aero_aero,1,0.5397701852192102
88,T_T,1,0.7746464416650026
88,T_H,0,-0.007858606679068646
88,T_H,1,-0.036756713491946445
88,H_T,0,-0.007858606679068646
88,H_CO2,1,-0.25801698856919913
88,H_aero,0,-0.3337912534716762
88,CO2_CO2,1,0.22658097961719578
88,aero_H,0,-0.3337912534716762
88,aero_CO2,1,0.14272402953711857
89,T_H,0,0.8067955685950751
89,T_H,1,-0.06836706360286501
89,H_T,0,0.8067955685950751
89,CO2_CO2,1,-0.030224694028434418
89,CO2_aero,0,0.6779875989448381
89,CO2_aero,1,-0.004828186513069782
89,aero_CO2,0,0.6779875989448381
90,T_T,1,-0.03255170228150083
90,T_CO2,1,-0.43567502555988175
90,T_aero,1,-0.20407253856704266
90,H_H,1,-0.07343309529395065
90,H_aero,1,0.3673157345881923
90,CO2_H,1,-0.039044638926601705
90,CO2_CO2,1,0.37699594985197976
90,CO2_aero,0,0.42367889093406697
90,CO2_aero,1,0.08492919434555739
90,aero_CO2,0,0.42367889093406697
90,aero_CO2,1,0.8056606347574689
90,aero_aero,1,0.3002840481427855
91,T_T,1,0.9589205559472731
91,H_CO2,0,-0.5662912052637757
91,H_CO2,1,0.03288291850128502
91,CO2_H,0,-0.5662912052637757
91,CO2_CO2,1,-0.06158502374897894
91,aero_aero,1,-0.04582937827939921
92,T_CO2,1,-0.05962869471783757
92,H_H,1,-0.09722793466796266
92,H_aero,0,0.01274404001055179
92,H_aero,1,0.018750067833936235
92,CO2_CO2,1,-0.03813320346002912
92,aero_H,0,0.01274404001055179
92,aero_H,1,-0.053215766352917394
92,aero_aero,1,0.5449090139172198
94,T_T,1,0.46330501106278027
94,H_H,1,0.04378445366032253
94,H_CO2,0,0.3920141413741064
94,H_CO2,1,0.26669878520422075
94,CO2_H,0,0.3920141413741064
94,CO2_H,1,0.18886818946901127
94,CO2_CO2,1,0.5046673939221503
95,T_T,1,0.6245461516747598
95,T_H,0,-0.05845071851146698
95,T_H,1,0.1373286049844319
95,H_T,0,-0.05845071851146698
95,H_T,1,-0.0195927043801837
95,H_H,1,-0.04316405869860197
95,CO2_CO2,1,0.4279332605328244
95,aero_aero,1,0.5191368975145453
96,T_T,1,-0.07803428285189008
96,T_CO2,1,-0.15545078726391354
96,H_H,1,-0.06139693057604818
96,H_aero,0,0.1305195674217957
96,H_aero,1,0.5370219280421871
96,CO2_CO2,1,0.3691160145664323
96,aero_T,1,0.5021952670402146
96,aero_H,0,0.1305195674217957
96,aero_H,1,-0.06380433510717155
96,aero_aero,1,0.04639740649009254
97,T_T,1,0.1827002272176276
97,T_CO2,0,-0.10309072796405427
97,T_CO2,1,-0.6351049270544461
97,T_aero,0,-0.7063849139486552
97,T_aero,1,0.009535452452274558
97,H_CO2,0,-0.5109113945726278
97,CO2_T,0,-0.10309072796405427
97,CO2_T,1,-0.037237898789991515
97,CO2_H,0,-0.5109113945726278
97,CO2_CO2,1,0.11470229912293178
97,CO2_aero,0,0.03888785432890485
97,aero_T,0,-0.7063849139486552
97,aero_T,1,-0.15974739449856815
97,aero_H,1,-0.4555532126672882
97,aero_CO2,0,0.03888785432890485
97,aero_CO2,1,0.5851602480188167
97,aero_aero,1,-0.043866441956225403
98,T_T,1,0.4856914744365714
98,H_H,1,0.46198076218077105
98,CO2_CO2,1,0.42194120213347136
98,CO2_aero,0,-0.10901738914845173
98,CO2_aero,1,0.060555699483217006
98,aero_CO2,0,-0.10901738914845173
99,T_T,1,0.5647326527458941
99,T_H,0,0.4186847964253174
99,T_H,1,0.49210405326019835
99,T_aero,0,-0.049450680875956644
99,T_aero,1,0.09423645519026061
99,H_T,0,0.4186847964253174
99,H_T,1,0.28000207464555105
99,H_H,1,0.20021443296400454
99,H_aero,0,-0.19475871485735602
99,H_aero,1,0.056720521555727904
99,aero_T,0,-0.049450680875956644
99,aero_T,1,-0.07131560713815578
99,aero_H,0,-0.19475871485735602
99,aero_H,1,-0.027797866118719882
99,aero_aero,1,-0.04582937827939921
100,P_P,1,0.1244650762001129
100,P_T,0,0.5206486109818039
100,P_T,1,0.1172888913677851
100,T_P,0,0.5206486109818039
100,T_P,1,0.3065862028154794
100,T_T,1,0.2562387644389289
100,aero_H,1,0.5189957659454933
101,T_T,1,0.9194893105359294
101,T_CO2,1,-0.7492339661486925
101,T_aero,0,-0.770304621854263
101,T_aero,1,-0.7740288915961558
101,CO2_CO2,1,0.755464935264693
101,CO2_aero,0,0.8293320439314975
101,aero_T,0,-0.770304621854263
101,aero_CO2,0,0.8293320439314975
101,aero_CO2,1,0.9565401561971558
102,T_T,1,0.84853712770215
102,H_aero,1,-0.11827242973366145
103,T_T,1,0.8431251337776726
103,T_aero,0,-0.023719069422624937
103,T_aero,1,-0.00418599871868125
103,H_H,1,0.4348134089644801
103,CO2_CO2,1,0.5302131321298554
103,aero_T,0,-0.023719069422624937
103,aero_T,1,-0.023719069422624937
103,aero_aero,1,0.9999999999999999
104,T_T,1,0.4351763640699555
104,T_H,0,-0.36548048795522176
104,T_H,1,-0.13161869378848545
104,T_aero,0,0.06853349017764906
104,T_aero,1,0.02805156588376111
104,H_T,0,-0.36548048795522176
104,H_T,1,-0.2108575049490417
104,H_H,1,0.3514406653414091
104,H_aero,0,-0.1604746811543358
104,H_aero,1,-0.04721959773701219
104,aero_T,0,0.06853349017764906
104,aero_T,1,0.03146255689703631
104,aero_H,0,-0.1604746811543358
104,aero_H,1,-0.058426606778663626
104,aero_aero,1,0.46636850562141774
105,P_T,0,0.5361138596931483
105,T_P,0,0.5361138596931483
105,H_CO2,0,-0.7197773318459861
105,CO2_H,0,-0.7197773318459861
105,CO2_CO2,1,-0.02841516105243685
105,aero_aero,1,0.4893129360398027
106,P_CO2,1,0.1904913489304005
106,T_T,1,0.5048008698821382
106,T_H,0,-0.04194329253897906
106,T_H,1,0.05798078165651208
106,T_CO2,0,-0.004490884351035654
106,T_CO2,1,-0.030592432390810685
106,H_T,0,-0.04194329253897906
106,H_T,1,-0.04046297593745025
106,H_H,1,-0.035788760663922385
106,H_CO2,0,-0.7235148575354297
106,H_CO2,1,-0.04084821518859954
106,CO2_T,0,-0.004490884351035654
106,CO2_T,1,0.01958363846728438
106,CO2_H,0,-0.7235148575354297
106,CO2_H,1,0.003233015484807517
106,CO2_CO2,1,0.03176105780934575
107,P_H,0,0.5168360071920903
107,T_P,1,0.46476464674968393
107,T_T,1,0.5532841704764607
107,T_H,0,0.7606277480907065
107,T_H,1,0.6986239053989082
107,T_aero,1,-0.024276846827964906
107,H_P,0,0.5168360071920903
107,H_P,1,0.3922592165767327
107,H_T,0,0.7606277480907065
107,H_H,1,0.5899459348988771
107,H_CO2,1,-0.1182699208482539
107,H_aero,0,0.07937179836118728
107,H_aero,1,-0.06039297876823717
107,CO2_CO2,1,-0.07531037851698448
107,CO2_aero,0,0.6333140400576148
107,aero_H,0,0.07937179836118728
107,aero_H,1,0.0054123764775624245
107,aero_CO2,0,0.6333140400576148
107,aero_CO2,1,-0.06933720466934126
107,aero_aero,1,-0.058991842377458054
108,T_T,1,0.32119024589364453
108,T_CO2,0,-0.3922191328567372
108,T_CO2,1,0.033007628046695596
108,T_aero,0,-0.4375446250796426
108,CO2_T,0,-0.3922191328567372
108,CO2_CO2,1,-0.05535812255891549
108,CO2_aero,0,0.34796700418012566
108,CO2_aero,1,0.23172457511918843
108,aero_T,0,-0.4375446250796426
108,aero_T,1,-0.15646328422008954
108,aero_CO2,0,0.34796700418012566
108,aero_CO2,1,-0.07025907604886059
108,aero_aero,1,0.19629450033112278
109,T_CO2,1,-0.036467288374214375
109,H_H,1,0.46965455157153024
109,aero_aero,1,0.49507167358207993
110,T_CO2,1,-0.17676873615379607
110,H_H,1,-0.02249923125179331
110,H_aero,0,0.8555520972893011
110,CO2_CO2,1,0.4614699593079984
110,aero_H,0,0.8555520972893011
110,aero_H,1,-0.023094825397299477
110,aero_aero,1,-0.04582937827939921
111,T_T,1,0.9067682185258342
111,T_CO2,0,0.03265760728206706
111,H_H,1,0.44564186467370764
111,CO2_T,0,0.03265760728206706
111,CO2_CO2,1,-0.10664929463930051
111,CO2_aero,0,-0.057559224064037864
111,CO2_aero,1,0.8634299879558581
111,aero_T,1,0.0463172132330431
111,aero_CO2,0,-0.057559224064037864
111,aero_CO2,1,-0.03989176853000141
111,aero_aero,1,-0.0757144930418966
112,H_H,1,0.5129288870522231
112,H_aero,0,0.14128303372247714
112,H_aero,1,0.004245151332271754
112,CO2_CO2,1,-0.05476777661506126
112,aero_H,0,0.14128303372247714
112,aero_aero,1,-0.04582937827939921
113,H_H,1,0.9475287032680474
113,H_aero,0,0.13501779298257802
113,H_aero,1,0.17146107553064008
113,CO2_CO2,1,-0.09441097032249943
113,aero_H,0,0.13501779298257802
113,aero_H,1,0.12841413507873453
113,aero_aero,1,-0.04582937827939921
114,T_H,1,0.5332227806122425
114,H_H,1,0.0049192280180105855
114,CO2_CO2,1,-0.07553180231183841
115,P_T,1,0.15489383251981978
115,P_H,0,0.465233774611286
115,P_CO2,0,0.6103696963196439
115,T_T,1,0.56126626272854
115,T_H,0,-0.013727774886584733
115,T_H,1,0.02098953453355906
115,H_P,0,0.465233774611286
115,H_T,0,-0.013727774886584733
115,H_T,1,-0.03609704905490246
115,H_H,1,-0.006880504428700173
115,H_CO2,0,0.3686914842019134
115,CO2_P,0,0.6103696963196439
115,CO2_H,0,0.3686914842019134
115,CO2_CO2,1,0.30254699291274706
116,T_T,1,0.5281962239403812
116,T_H,0,0.13550341059907173
116,T_H,1,0.03569232867281143
116,H_T,0,0.13550341059907173
116,H_H,1,0.4228230892241359
116,CO2_CO2,1,0.4804626637088475
116,aero_aero,1,0.5239830498713346
117,P_T,1,0.18583259006179295
117,T_T,1,0.5031909297218796
117,T_H,0,0.5050125790005133
117,T_H,1,0.5684608650064453
117,T_aero,0,0.08127114918295487
117,T_aero,1,0.10239443508963554
117,H_T,0,0.5050125790005133
117,H_T,1,0.3469671717654722
117,H_H,1,0.31137882278235146
117,H_aero,0,0.08629371015783503
117,H_aero,1,0.09187313120629165
117,CO2_CO2,1,-0.03878499150529261
117,aero_T,0,0.08127114918295487
117,aero_T,1,0.034838051014006034
117,aero_H,0,0.08629371015783503
117,aero_H,1,0.13911766433167896
117,aero_aero,1,0.824309696489387
118,T_T,1,0.4805845421718613
118,T_H,1,-0.11162719271654169
118,aero_P,1,0.4218487613223875
119,T_T,1,0.2738718623521555
119,T_H,0,0.6766458608463967
119,T_H,1,0.38943964668852277
119,T_CO2,1,-0.10344277554109939
119,H_T,0,0.6766458608463967
119,H_T,1,0.43185057104297114
119,H_H,1,0.45754906597286404
119,H_CO2,1,-0.05080571838880983
119,CO2_CO2,1,0.5210034675594419
119,aero_aero,1,0.49217640111214145
120,P_T,0,-0.24320726274052218
120,P_T,1,-0.1572565045599218
120,T_P,0,-0.24320726274052218
120,T_P,1,0.1598148774841408
120,T_T,1,0.5030874291737175
120,T_H,0,0.0912406632222693
120,T_H,1,-0.10017063185012123
120,H_T,0,0.0912406632222693
120,H_H,1,-0.06147294032345467
120,aero_aero,1,0.6911622245963503
121,T_aero,1,0.6796182376470712
121,H_H,1,0.6098403216746288
121,H_aero,1,-0.18011538157842372
121,CO2_aero,0,0.24216270596990683
121,aero_CO2,0,0.24216270596990683
121,aero_CO2,1,0.5927534191335312
122,T_T,1,0.4876924081109255
122,T_H,0,0.6446948875036328
122,T_H,1,0.32807005963187125
122,T_CO2,0,0.04402892285680154
122,T_CO2,1,-0.018136629964104888
122,H_T,0,0.6446948875036328
122,H_T,1,0.3663724895831226
122,H_CO2,0,0.07797802180237859
122,H_CO2,1,0.017928733291872955
122,CO2_T,0,0.04402892285680154
122,CO2_T,1,0.04147095670994739
122,CO2_H,0,0.07797802180237859
122,CO2_H,1,-0.02877207997014194
122,CO2_CO2,1,-0.07545982162024252
123,T_T,1,0.6192610638517286
123,T_CO2,1,-0.07472121694176129
123,H_H,1,0.5127206393249304
123,CO2_CO2,1,-0.10871262486068232
124,T_T,1,-0.03396562631212785
124,T_H,0,-0.02349194654053192
124,T_H,1,0.8267888595576421
124,T_aero,0,-0.04536337751023788
124,T_aero,1,-0.015575558328183043
124,H_T,0,-0.02349194654053192
124,H_T,1,-0.11029614220002261
124,H_H,1,-0.06481375372295001
124,H_aero,0,0.0004918982648748396
124,H_aero,1,-0.017087717344401388
124,aero_T,0,-0.04536337751023788
124,aero_T,1,-0.013156589200814656
124,aero_H,0,0.0004918982648748396
124,aero_H,1,-0.030972270015886094
124,aero_aero,1,0.4943778478684837
125,P_P,1,0.08362479752094583
125,T_T,1,0.7443571967729063
125,T_CO2,0,0.03434653288849621
125,T_CO2,1,-0.0008652750347970056
125,T_aero,0,0.10339327307653806
125,T_aero,1,0.07505274350358221
125,H_H,1,0.4729566342580375
125,CO2_T,0,0.03434653288849621
125,CO2_T,1,0.07873530245539744
125,CO2_CO2,1,-0.07421238341811744
125,CO2_aero,1,-0.030589289054595174
125,aero_T,0,0.10339327307653806
125,aero_aero,1,0.5296833887160434
126,T_T,1,0.9345473601398739
126,aero_H,1,0.017888008207720917
127,H_H,1,0.5450578753321823
127,CO2_CO2,1,0.5331326603362426
127,CO2_aero,0,-0.08908800757599016
127,aero_H,1,-0.18096331215168882
127,aero_CO2,0,-0.08908800757599016
127,aero_CO2,1,-0.07892164279918021
127,aero_aero,1,0.4883669199640208
128,T_T,1,0.4738297104478644
128,T_CO2,0,-0.6141763621149064
128,T_CO2,1,-0.4826954982159601
128,CO2_T,0,-0.6141763621149064
128,CO2_T,1,-0.40412359243213786
128,CO2_CO2,1,0.36556357016876284
128,CO2_aero,0,-0.011130515362686439
128,aero_CO2,0,-0.011130515362686439
128,aero_aero,1,-0.04440070983052917
129,T_T,1,0.40643090449323727
129,T_CO2,1,-0.08192760096252373
129,H_H,1,0.5463732651320562
129,CO2_CO2,1,-0.09953650556993504
130,T_T,1,0.7532663028566527
130,T_H,0,0.010863156143499727
130,T_H,1,-0.010452029707684178
130,T_CO2,1,-0.4392162440863566
130,H_T,0,0.010863156143499727
130,H_T,1,0.015227623401925301
130,H_H,1,0.4196299281259723
130,CO2_CO2,1,0.26423244749194
130,aero_CO2,1,0.4672369500300123
130,aero_aero,1,0.49758796366971564
131,T_T,1,-0.0850243210854441
131,T_H,0,-0.725370686947395
131,T_H,1,0.01062027281590453
131,T_CO2,1,0.028779598689253665
131,H_T,0,-0.725370686947395
131,H_H,1,-0.03460708386334718
131,H_CO2,0,0.9217541702613331
131,H_CO2,1,-0.028528631861028622
131,CO2_T,1,0.03323331287280213
131,CO2_H,0,0.9217541702613331
131,CO2_H,1,-0.025707182989854013
131,CO2_CO2,1,-0.05292335836484041
132,T_H,0,0.04268003261360095
132,T_aero,0,-0.6888016327583262
132,H_T,0,0.04268003261360095
132,H_T,1,-0.05159055102941061
132,H_H,1,-0.07288704619095901
132,H_CO2,0,0.4802771730066491
132,H_CO2,1,-0.057664836143163235
132,H_aero,0,-0.027741598377603215
132,H_aero,1,0.007090291230309639
132,CO2_H,0,0.4802771730066491
132,CO2_CO2,1,-0.10206121482399882
132,aero_T,0,-0.6888016327583262
132,aero_T,1,-0.004947015952866555
132,aero_H,0,-0.027741598377603215
132,aero_H,1,0.8758471255719977
132,aero_CO2,1,0.3658191324679775
132,aero_aero,1,-0.04582937827939921
133,T_T,1,0.9470249994501846
133,T_CO2,0,0.03060172048853981
133,T_aero,0,-0.03602421652215547
133,H_H,1,0.22995964451984408
133,H_aero,0,0.3298411835965591
133,H_aero,1,0.14094128524056856
133,CO2_T,0,0.03060172048853981
133,CO2_CO2,1,-0.05912626656925062
133,aero_T,0,-0.03602421652215547
133,aero_T,1,-0.0317188891906665
133,aero_H,0,0.3298411835965591
133,aero_H,1,0.23210395652717472
133,aero_aero,1,0.4869939027968959
134,T_T,1,0.9062885492694089
134,T_H,0,-0.0908983530500691
134,T_H,1,-0.1009447814482823
134,H_T,0,-0.0908983530500691
134,H_T,1,-0.0783378462352116
134,H_H,1,0.5135128291953791
134,CO2_H,1,0.061295114511857623
134,CO2_CO2,1,-0.08940886098217446
134,CO2_aero,0,0.921399530146887
134,CO2_aero,1,-0.08770364191106417
134,aero_H,1,0.0866716010067511
134,aero_CO2,0,0.921399530146887
134,aero_CO2,1,-0.11275677994926962
134,aero_aero,1,-0.10812051827278242
135,T_T,1,-0.029762306055234795
135,T_CO2,0,-0.6609955486774877
135,T_CO2,1,0.06858648369265881
135,H_CO2,0,0.23343545342327182
135,H_aero,1,0.5858959670674364
135,CO2_T,0,-0.6609955486774877
135,CO2_T,1,0.054104357393537944
135,CO2_H,0,0.23343545342327182
135,CO2_CO2,1,-0.09859141175434692
135,CO2_aero,1,0.11864467738173796
135,aero_aero,1,0.08662315263942724
136,T_T,1,0.6602059955871092
136,aero_aero,1,0.48891690161540335
137,T_T,1,0.5547298837341634
137,T_H,0,0.4617930030102807
137,T_H,1,0.5454099902143109
137,H_T,0,0.4617930030102807
137,H_T,1,0.27894527456555107
137,H_H,1,0.21280668559839974
137,aero_aero,1,0.4431455717736588
138,T_T,1,-0.027687127209454505
138,T_H,0,0.08048343194602384
138,T_H,1,0.05793711816675089
138,T_aero,0,0.5962631941566044
138,T_aero,1,-0.010963176211624454
138,H_T,0,0.08048343194602384
138,H_T,1,-0.1318537376036186
138,H_H,1,0.4942061735903323
138,H_aero,0,0.04877878430094198
138,H_aero,1,-0.07624913491989972
138,CO2_CO2,1,0.3427109170272956
138,aero_T,0,0.5962631941566044
138,aero_T,1,-0.021591775570568867
138,aero_H,0,0.04877878430094198
138,aero_H,1,0.029841773054855854
138,aero_aero,1,-0.04582937827939921
139,P_T,1,0.0979844387205019
139,T_T,1,0.5546553012752973
139,T_CO2,0,-0.711740659616252
139,T_CO2,1,-0.44579782987018396
139,T_aero,0,-0.11197331856285507
139,T_aero,1,0.05647041726558787
139,H_H,1,-0.005998168242918774
139,H_aero,0,0.03389541016137381
139,H_aero,1,0.07196263974884523
139,CO2_T,0,-0.711740659616252
139,CO2_T,1,-0.4963093428052022
139,CO2_H,1,0.12686440560085996
139,CO2_CO2,1,0.42350858141533976
139,CO2_aero,0,0.14802104170336935
139,CO2_aero,1,0.007806475162323694
139,aero_T,0,-0.11197331856285507
139,aero_H,0,0.03389541016137381
139,aero_H,1,0.7071891534356259
139,aero_CO2,0,0.14802104170336935
139,aero_CO2,1,0.033258823316962026
139,aero_aero,1,-0.043866441956225403
140,T_T,1,0.6707443981507976
140,T_CO2,0,0.039819058149147345
140,T_CO2,1,-0.07007763372484511
140,H_H,1,-0.04540204563903394
140,H_CO2,0,-0.7499531476172667
140,H_CO2,1,0.09412055748106991
140,CO2_T,0,0.039819058149147345
140,CO2_H,0,-0.7499531476172667
140,CO2_H,1,0.01574182770355737
140,CO2_CO2,1,-0.0824887392756248
140,aero_H,1,0.005761697919082994
140,aero_aero,1,0.488657537459485
141,H_CO2,0,0.8627105384126785
141,CO2_H,0,0.8627105384126785
141,CO2_H,1,-0.11726298130237851
142,T_T,1,0.47933989821463024
142,T_CO2,0,-0.3588790637940955
142,T_CO2,1,0.15000727411975018
142,H_H,1,0.05082013479140731
142,CO2_T,0,-0.3588790637940955
142,CO2_T,1,-0.2638057730037552
142,CO2_CO2,1,-0.08601354290412848
142,aero_H,1,0.22682323348935937
142,aero_aero,1,0.5052075840606831
143,T_T,1,0.5494682326723074
143,H_H,1,0.4550738065347353
143,H_CO2,0,-0.18931190805737633
143,H_CO2,1,-0.15487597849033474
143,H_aero,0,0.018523135787555052
143,H_aero,1,-0.06935507632994393
143,CO2_H,0,-0.18931190805737633
143,CO2_CO2,1,0.4808743561393797
143,CO2_aero,0,-0.023955132880380956
143,aero_H,0,0.018523135787555052
143,aero_CO2,0,-0.023955132880380956
143,aero_CO2,1,0.04283440721158865
143,aero_aero,1,-0.043866441956225403
144,aero_aero,1,-0.04582937827939921
145,P_P,1,0.9999999999999999
145,T_T,1,-0.017342068691686738
145,T_CO2,0,-0.027460738192869916
145,T_CO2,1,-0.611156999712129
145,H_aero,1,0.23439010891218395
145,CO2_T,0,-0.027460738192869916
145,CO2_T,1,0.019856284926496902
145,CO2_CO2,1,-0.012914493530871264
145,aero_aero,1,0.5224750851863439
146,P_CO2,1,-0.016557567275929875
146,T_T,1,0.38770297983920254
146,CO2_CO2,1,0.9620050148879093
146,aero_aero,1,0.5598518877447892
147,T_T,1,-0.07979868558524855
147,T_aero,0,-0.06485878512091199
147,T_aero,1,-0.02150524344041295
147,H_H,1,0.4338020368818642
147,CO2_CO2,1,0.35667973188912394
147,aero_T,0,-0.06485878512091199
147,aero_T,1,-0.056040761627289895
147,aero_aero,1,0.7088687106833843
148,T_T,1,0.4844337831773279
148,T_CO2,0,-0.005112487065611353
148,T_CO2,1,0.014235619683810683
148,CO2_T,0,-0.005112487065611353
148,CO2_CO2,1,-0.07442968540344036
149,T_T,1,0.5208622026859255
150,T_T,1,0.5370214593219255
150,T_CO2,0,0.07411066310324578
150,T_CO2,1,0.0938844128852758
150,H_H,1,0.08669074294454791
150,CO2_T,0,0.07411066310324578
150,CO2_T,1,0.1121464087538288
150,CO2_CO2,1,0.5740969308692223
150,aero_H,1,0.5446479414185639
151,T_T,1,0.9331012763581935
151,T_CO2,0,-0.015375098521487775
151,T_CO2,1,-0.022367395398752505
151,H_H,1,0.5106895864580072
151,CO2_T,0,-0.015375098521487775
151,CO2_CO2,1,-0.047977692536919296
152,T_T,1,0.7624640423468848
152,T_aero,1,-0.531872110761885
152,CO2_CO2,1,-0.10450308469777769
152,CO2_aero,0,0.09857298689022011
152,CO2_aero,1,0.3080442685184868
152,aero_CO2,0,0.09857298689022011
152,aero_aero,1,0.44735938881013493
153,P_T,0,-0.0733032581320033
153,T_P,0,-0.0733032581320033
153,T_T,1,-0.011636065224246485
153,T_CO2,1,0.074287963029418
153,H_T,1,0.4381265758549616
153,aero_aero,1,0.5224248221782376
154,T_T,1,-0.02270928273232707
154,T_H,0,0.058237855290030865
154,T_H,1,0.8561201868875652
154,H_T,0,0.058237855290030865
154,H_H,1,0.03727629151399592
154,aero_CO2,1,-0.03786331975658586
154,aero_aero,1,0.4606547318385257
155,P_T,1,0.27092815918849794
155,T_T,1,0.47963578868340806
155,H_H,1,-0.07334592107004187
155,aero_aero,1,0.4644916225658233
156,H_H,1,0.5089301184463264
156,CO2_P,1,0.30010797562519526
156,CO2_H,1,-0.04809015164171055
156,aero_aero,1,0.5473368782458118
157,T_T,1,0.4027762994625795
157,T_H,0,0.12292152495030664
157,T_CO2,0,-0.018828862683020413
157,T_CO2,1,0.01273063800584366
157,T_aero,0,0.2847307903617508
157,T_aero,1,0.11901702097126145
157,H_T,0,0.12292152495030664
157,H_T,1,0.05037482717831983
157,H_H,1,0.4325716021660146
157,H_aero,0,0.3883292702599752
157,H_aero,1,0.23291109805274426
157,CO2_T,0,-0.018828862683020413
157,CO2_CO2,1,-0.0725352782574187
157,aero_T,0,0.2847307903617508
157,aero_T,1,0.155861750399467
157,aero_H,0,0.3883292702599752
157,aero_H,1,0.2117332053956951
157,aero_aero,1,0.4596891721072018
158,T_T,1,0.494138893379634
158,T_CO2,0,-0.004876617934916168
158,T_CO2,1,-0.1221800172094527
158,H_T,1,0.33881636778456065
158,H_aero,0,0.24249382281165233
158,CO2_T,0,-0.004876617934916168
158,CO2_CO2,1,-0.05783830316654828
158,aero_H,0,0.24249382281165233
158,aero_aero,1,-0.043866441956225403
159,T_T,1,0.44803270089768193
159,T_H,0,-0.11955375693293055
159,T_H,1,0.13105215944433274
159,H_T,0,-0.11955375693293055
159,H_T,1,-0.06693759048311958
159,H_H,1,-0.0175627927099337
159,aero_aero,1,0.5246483009414937
160,P_CO2,1,0.8357335416891843
160,T_T,1,-0.022818618673635663
160,T_CO2,0,-0.20945409493342518
160,T_CO2,1,-0.4851759600849661
160,CO2_T,0,-0.20945409493342518
160,CO2_T,1,0.09146644097155536
160,CO2_CO2,1,0.045905250338586064
161,T_T,1,0.9672132345361626
161,T_CO2,0,0.037581883625738464
161,T_CO2,1,0.03551422370253691
161,T_aero,0,-0.040190225820428374
161,T_aero,1,-0.035126829963600954
161,H_T,1,0.04727514451828284
161,H_CO2,0,0.49871160101347944
161,CO2_T,0,0.037581883625738464
161,CO2_T,1,0.0802007971827472
161,CO2_H,0,0.49871160101347944
161,CO2_CO2,1,-0.04830049933488312
161,aero_T,0,-0.040190225820428374
162,T_T,1,0.814444677517372
162,T_CO2,0,-0.04978581575202723
162,T_aero,0,-0.5455041015504756
162,T_aero,1,-0.6101965570890896
162,CO2_T,0,-0.04978581575202723
162,aero_T,0,-0.5455041015504756
162,aero_T,1,-0.48021625667002826
162,aero_aero,1,0.4728394583499794
163,T_T,1,-0.08107914194098573
163,T_H,1,0.0747483544600152
163,T_CO2,0,-0.6882370487639928
163,H_H,1,0.37210134738233774
163,H_aero,0,0.2753432767900935
163,CO2_T,0,-0.6882370487639928
163,CO2_T,1,0.07275464644199045
163,CO2_CO2,1,-0.07867721399501063
163,aero_H,0,0.2753432767900935
163,aero_H,1,0.04109991136993483
163,aero_aero,1,0.4615355714096498
164,T_T,1,0.5428811471225342
164,T_aero,0,0.48360616015643815
164,CO2_aero,1,0.107752879865143
164,aero_T,0,0.48360616015643815
164,aero_aero,1,0.49736379459247254
165,T_T,1,0.47955712265345884
166,T_T,1,0.44759923539725566
166,H_H,1,0.5156079577184913
166,H_CO2,1,-0.19435139746458338
166,CO2_T,1,-0.23341819390334437
166,aero_P,1,-0.5574163096576356
166,aero_H,1,0.2061277607177403
166,aero_aero,1,-0.043866441956225403
167,T_T,1,0.9822858397287214
167,H_H,1,0.4321835380043272
167,H_CO2,0,0.02531632566872472
167,H_CO2,1,-0.021264492231447753
167,CO2_H,0,0.02531632566872472
167,CO2_H,1,0.011868823356025798
167,CO2_CO2,1,-0.013611451344378626
168,P_H,0,0.25463403251582134
168,T_T,1,0.609421511153566
168,T_aero,0,0.5630629600850078
168,H_P,0,0.25463403251582134
168,aero_T,0,0.5630629600850078
169,T_T,1,0.6448114595988569
169,T_H,1,0.08186063286299863
169,T_CO2,0,-0.4074600605249232
169,T_aero,0,0.3975759395509767
169,H_H,1,-0.04220204163979245
169,CO2_P,1,0.4044929586662284
169,CO2_T,0,-0.4074600605249232
169,CO2_T,1,-0.31461935589207407
169,CO2_CO2,1,0.13568856421590303
169,aero_T,0,0.3975759395509767
169,aero_aero,1,0.6036091557144851
170,T_T,1,0.8650443316239461
170,T_aero,0,-0.00478190320119069
170,H_aero,1,-0.08732028607354142
170,CO2_CO2,1,0.6732236292860814
170,aero_T,0,-0.00478190320119069
170,aero_T,1,-0.026424121548936374
170,aero_aero,1,0.5060319966116994
171,P_T,0,0.33734478875765134
171,T_P,0,0.33734478875765134
171,T_P,1,0.3746464267235377
171,T_T,1,0.5288881263717349
171,T_CO2,1,-0.07433603613585447
171,H_H,1,0.4855253689590171
171,aero_T,1,-0.2231009981362818
171,aero_aero,1,0.5448711903578538
172,P_T,1,-0.03057234632235749
172,T_T,1,0.9196652976497581
172,T_CO2,1,-0.036712845517302264
172,H_CO2,1,-0.5914913142373399
172,aero_aero,1,-0.043866441956225403
173,T_T,1,0.86025648070085
173,T_aero,0,0.2490406422915606
173,T_aero,1,0.24574037333759416
173,H_H,1,0.46427932516713605
173,CO2_P,1,0.2669698012171492
173,aero_T,0,0.2490406422915606
173,aero_T,1,0.22067376554079907
173,aero_aero,1,0.7839067624441918
174,P_H,0,0.29090308664182013
174,T_T,1,0.749071967770734
174,T_H,0,-0.02846196341990802
174,T_H,1,0.007750512069156712
174,H_P,0,0.29090308664182013
174,H_T,0,-0.02846196341990802
174,H_H,1,-0.007831905092559308
174,H_aero,1,-0.605859766641436
175,P_H,0,0.3839386833170618
175,T_P,1,0.10153644068978981
175,T_H,1,0.09855875875730499
175,H_P,0,0.3839386833170618
175,CO2_T,1,0.41632818126622456
176,P_CO2,1,0.33227356866713026
176,H_H,1,0.5275488328007779
176,H_aero,1,0.4639367323121525
176,aero_aero,1,0.08777441495407674
177,T_T,1,0.9800113365516147
177,T_H,0,0.9520522731915608
177,T_H,1,0.9722479433338397
177,H_T,0,0.9520522731915608
177,H_H,1,0.8996498324642983
177,aero_aero,1,-0.04582937827939921
178,T_T,1,0.02949278023865411
178,T_H,0,0.05537445767904485
178,T_H,1,-0.0655593503420069
178,H_T,0,0.05537445767904485
178,H_T,1,0.7994650868234014
178,H_H,1,-0.060832460357833025
178,CO2_CO2,1,0.436381861686462
178,CO2_aero,1,0.101580868746935
178,aero_T,1,0.41972307015215976
178,aero_H,1,0.04922260787555948
179,T_T,1,0.5360866289962954
179,H_H,1,0.4034433302087411
179,aero_aero,1,0.5256257703266443
