time,base_time,time_offset,day_of_year,file_records,used_records,chopper_LI_7500,detector_LI_7500,momentum_flux,qc_momentum_flux,flag_momentum_flux,sensible_heat_flux,qc_sensible_heat_flux,flag_sensible_heat_flux,latent_flux,qc_latent_flux,flag_latent_flux,co2_flux,qc_co2_flux,flag_co2_flux,h2o_flux,qc_h2o_flux,flag_h2o_flux,ch4_flux,qc_ch4_flux,flag_ch4_flux,co2_molar_density,qc_co2_molar_density,co2_molar_fraction,co2_mixing_ratio,co2_timelag,flag_co2_timelag,h2o_molar_density,qc_h2o_molar_density,h2o_mole_fraction,h2o_mixing_ratio,h2o_timelag,flag_h2o_timelag,ch4_molar_density,qc_ch4_molar_density,ch4_mole_fraction,ch4_mixing_ratio,ch4_timelag,flag_ch4_timelag,sonic_temperature,qc_sonic_temperature,air_temperature,qc_air_temperature,air_pressure,qc_air_pressure,air_density,qc_air_density,air_heat_capacity,qc_air_heat_capacity,air_molar_volume,evapotranspiration_flux,water_vapor_density,water_vapor_partial_pressure,water_vapor_partial_pressure_saturated,specific_humidity,relative_humidity,water_vapor_pressure_deficit,dew_point_temperature,wind_u_component,qc_wind_u_component,wind_v_component,qc_wind_v_component,wind_w_component,qc_wind_w_component,rotated_mean_u,rotated_mean_v,rotated_mean_w,mean_wind,qc_mean_wind,maximum_instantaneous_wind_speed,wind_direction_from_north,qc_wind_direction_from_north,first_rotation_angle,second_rotation_angle,friction_velocity,qc_friction_velocity,turbulent_kinetic_energy,Monin_Obukhov_length,Monin_Obukhov_stability_parameter,Bowen_ratio,scaling_temperature,uncorrected_momentum_flux,spectral_correction_momentum_flux,uncorrected_sensible_heat_flux,qc_uncorrected_sensible_heat_flux,spectral_correction_sensible_heat_flux,uncorrected_latent_heat_flux,qc_uncorrected_latent_heat_flux,spectral_correction_latent_heat_flux,uncorrected_co2_flux,qc_uncorrected_co2_flux,spectral_correction_co2_flux,uncorrected_h2o_flux,spectral_correction_h2o_flux,uncorrected_ch4_flux,qc_uncorrected_ch4_flux,spectral_correction_ch4_flux,hard_flags_spike_test,hard_flags_resolution,hard_flags_drop_out_test,hard_flags_absolute_limits,hard_flags_skewness_kurtosis,soft_flags_skewness_kurtosis,hard_flags_discontinuities_test,soft_flags_discontinuities_test,hard_flags_time_lag_test,soft_flags_time_lag_test,hard_flags_attack_angle_test,hard_flags_non_steady_wind,number_spikes_u,number_spikes_v,number_spikes_w,number_spikes_ts,number_spikes_co2,number_spikes_h2o,number_spikes_ch4,phase_lock_flag_LI_7500,sync_flag_LI_7500,mean_value_LI_7500,variance_u,qc_variance_u,variance_v,qc_variance_v,variance_w,qc_variance_w,variance_ts,qc_variance_ts,variance_co2,qc_variance_co2,variance_h2o,qc_variance_h2o,variance_ch4,qc_variance_ch4,covariance_w_ts_cov,covariance_w_co2_cov,covariance_w_h2o_cov,covariance_w_ch4_cov,co2_signal_strength_7500_mean,lat,lon,alt
2025-05-17 00:00:00,2025-05-17,2025-05-17 00:00:00,137.0,18000.0,18000.0,0.0,0.0,-0.0373415,0,1.0,-1.20646,8,2.0,11.7495,0,1.0,13.1437,0,1.0,0.265608,0,1.0,,1,0.0,17.343,0,421.301,430.022,0.0,0.0,834.793,0,20.2791,20.6988,-0.1,0.0,,1,,,,9.0,296.766,0,292.258,0,100.025,0,1.18319,0,1016.73,0,0.0242923,0.0172114,0.015043,2.02895,2.2055,0.0127139,91.9948,0.176555,290.891,0.560022,0,1.07899,0,-0.11129,0,1.22075,-4.03385e-14,-2.41019e-15,1.22075,0,7.48926,117.024,0,62.5696,-5.23067,0.177651,0,0.847667,406.197,0.100444,-0.102681,0.00564523,-0.0359626,1.03834,-0.476448,0,1.0183,11.3491,0,1.02545,12.7664,0,1.02545,0.256555,1.02545,,1,,800000099.0,800000099.0,800000099.0,800000099.0,800000099.0,800101099.0,899999999.0,899999999.0,89999.0,89999.0,89.0,89.0,7.0,2.0,2.0,16.0,10.0,6.0,,0.0,0.0,95.0,1.07517,0,0.433631,0,0.186538,0,0.0198576,0,0.0622997,0,48.845,2,,1,-0.000396053,0.0127664,0.256555,,94.8883,39.3105,-76.62375,64.0
2025-05-17 00:30:00,2025-05-17,2025-05-17 00:30:00,137.0208,18000.0,18000.0,0.0,0.0,-0.0541606,0,1.0,13.6028,0,1.0,38.5782,0,1.0,29.585,0,1.0,0.872267,0,1.0,,1,0.0,17.6347,0,428.284,437.289,0.3,0.0,847.93,0,20.5931,21.0261,0.1,0.0,,1,,,,9.0,296.939,0,292.467,0,100.121,0,1.18334,0,1016.91,0,0.0242864,0.0565229,0.0152797,2.06235,2.2343702,0.0129123,92.3011,0.172021,291.15,-0.153487,0,-0.289313,0,0.167089,0,0.367667,1.44066e-13,-4.07822e-14,0.367667,0,2.09322,263.848,0,242.053,27.0301,0.213937,0,0.34906,-62.9651,-0.647978,0.352604,-0.0528381,-0.0459535,1.1786,14.266,0,1.11978,32.2617,0,1.12623,25.3322,0,1.12623,0.729451,1.12623,,1,,800000099.0,800000099.0,800000099.0,800000099.0,800001099.0,800001099.0,899999999.0,899999999.0,89999.0,89999.0,89.0,89.0,6.0,12.0,0.0,17.0,18.0,11.0,,0.0,0.0,100.0,0.274336,0,0.367491,0,0.0562939,0,0.0144773,0,0.235824,0,60.999,2,,1,0.0118552,0.0253322,0.729451,,98.6157,39.3105,-76.62375,64.0
2025-05-17 01:00:00,2025-05-17,2025-05-17 01:00:00,137.0416,18000.0,18000.0,0.0,0.0,-0.233836,0,1.0,-7.57531,0,1.0,31.1909,0,1.0,33.8438,0,1.0,0.705232,0,1.0,,1,0.0,17.4344,0,423.469,432.306,-0.3,0.0,841.586,0,20.4416,20.8681,-0.4,0.0,,1,,,,9.0,297.03,0,292.458,0,100.105,0,1.18327,0,1016.83,0,0.0242893,0.045699,0.0151654,2.04686,2.23315,0.0128166,91.6579,0.186291,291.03,0.545142,0,-0.116601,0,0.0683839,0,0.561651,8.30598e-14,-3.97292e-15,0.561651,0,2.59369,188.416,0,347.927,6.9934,0.444544,0,0.616751,1014.27,0.0402262,-0.242869,0.014163,-0.215424,1.08547,-5.44284,0,1.03955,29.9533,0,1.04678,32.4045,0,1.04678,0.677249,1.04678,,1,,800000099.0,800000099.0,800000099.0,800000099.0,800001099.0,801001099.0,899999999.0,899999999.0,89999.0,89999.0,89.0,89.0,0.0,3.0,0.0,17.0,5.0,0.0,,0.0,0.0,100.0,0.334245,0,0.794058,0,0.1052,0,0.0157191,0,0.157457,0,53.3451,2,,1,-0.00452372,0.0324045,0.677249,,98.6495,39.3105,-76.62375,64.0
2025-05-17 01:30:00,2025-05-17,2025-05-17 01:30:00,137.0624,18000.0,18000.0,0.0,0.0,0.0815801,4,1.0,-2.17261,0,0.0,5.10744,8,2.0,11.2108,0,1.0,0.115476,8,2.0,,1,0.0,17.5913,0,427.24,436.29,-0.2,0.0,854.128,0,20.7443,21.1837,0.0,1.0,,1,,,,9.0,297.025,0,292.423,0,100.103,0,1.18324,0,1017.0,0,0.024287,0.00748287,0.0153914,2.07712,2.2283602,0.0130078,93.213,0.15123801,291.264,0.746054,0,-0.958934,0,0.271881,0,1.24502,-2.3847e-14,-1.51099e-14,1.24502,0,3.95116,231.693,0,307.883,12.6136,0.262576,0,0.494389,728.803,0.0559822,-0.425382,0.00687595,0.0787137,1.03642,-1.82672,0,1.01753,5.1076,0,1.02489,10.9964,0,1.02489,0.11548,1.02489,,1,,800000099.0,800000099.0,800000099.0,800000099.0,800001199.0,800011199.0,899999999.0,899999999.0,89999.0,89999.0,89.0,89.0,7.0,6.0,0.0,54.0,20.0,9.0,,0.0,0.0,100.0,0.452,0,0.435306,0,0.101471,0,0.00494116,0,0.0460466,0,34.8853,2,,1,-0.00151802,0.0109964,0.11548,,98.617,39.3105,-76.62375,64.0
2025-05-17 02:00:00,2025-05-17,2025-05-17 02:00:00,137.0833,18000.0,18000.0,0.0,0.0,-0.131375,0,0.0,2.4996,0,1.0,10.4124,0,1.0,9.90472,0,0.0,0.235375,0,1.0,,1,0.0,17.4772,0,424.174,433.047,-0.1,0.0,844.211,0,20.4891,20.9177,0.0,0.0,,1,,,,9.0,296.882,0,292.234,0,100.108,0,1.18418,0,1016.85,0,0.0242701,0.0152523,0.0152127,2.0516698,2.20218,0.0128466,93.1655,0.150508,291.068,0.908824,0,0.000785214,0,0.0530681,0,0.910373,-7.83452e-15,8.48511e-15,0.910373,0,4.0332,182.074,0,0.0495029,3.34182,0.333079,0,0.600101,-1292.98,-0.0315551,0.24006,-0.00623229,-0.11943,1.10002,2.94576,0,1.06598,9.27316,0,1.07123,9.037,0,1.07123,0.209623,1.07123,,1,,800000099.0,800000099.0,800000099.0,800000099.0,800000099.0,800001099.0,899999999.0,899999999.0,89999.0,89999.0,89.0,89.0,6.0,3.0,1.0,30.0,13.0,7.0,,0.0,0.0,100.0,0.535136,0,0.504301,0,0.160765,0,0.00552627,0,0.0134879,0,25.3856,2,,1,0.00244637,0.009037,0.209623,,98.6155,39.3105,-76.62375,64.0
2025-05-17 02:30:00,2025-05-17,2025-05-17 02:30:00,137.1041,18000.0,18000.0,0.0,0.0,-0.251399,0,0.0,-7.67241,0,1.0,26.0318,0,0.0,12.1682,0,0.0,0.588449,0,0.0,,1,0.0,17.4815,0,424.21,433.004,-0.1,0.0,836.971,0,20.3101,20.7312,-0.1,0.0,,1,,,,9.0,296.704,0,292.222,0,100.12,0,1.18445,0,1016.75,0,0.0242662,0.0381315,0.0150822,2.034,2.2006202,0.0127335,92.4283,0.166625,290.93,1.87542,0,-0.0911039,0,0.0466741,0,1.87821,9.713e-14,-5.80138e-15,1.87821,0,5.10366,183.776,0,357.219,1.42397,0.460705,0,1.01591,1114.76,0.0365999,-0.294733,0.0138286,-0.244877,1.02663,-5.99629,0,1.01299,25.7958,0,1.01994,12.0592,0,1.01994,0.583116,1.01994,,1,,800000099.0,800000099.0,800000099.0,800000099.0,800011099.0,800011199.0,899999999.0,899999999.0,89999.0,89999.0,89.0,89.0,2.0,6.0,2.0,39.0,26.0,22.0,,0.0,0.0,100.0,0.893881,0,0.833326,0,0.30461,0,0.00377797,0,0.00805738,0,18.7636,2,,1,-0.0049791,0.0120592,0.583116,,98.6249,39.3105,-76.62375,64.0
2025-05-17 03:00:00,2025-05-17,2025-05-17 03:00:00,137.1249,18000.0,18000.0,0.0,0.0,-0.153041,0,0.0,1.01988,0,1.0,22.9771,0,0.0,15.4262,0,0.0,0.519422,0,0.0,,1,0.0,17.705,0,429.758,438.679,-0.1,0.0,837.797,0,20.3361,20.7582,-0.2,0.0,,1,,,,9.0,296.749,0,292.27,0,100.107,0,1.18409,0,1016.76,0,0.0242733,0.0336585,0.0150971,2.03634,2.20716,0.0127499,92.2604,0.170826,290.948,1.24835,0,0.0718708,0,0.0257584,0,1.25068,-7.3108e-15,-3.40098e-15,1.25068,0,4.50928,176.867,0,3.29504,1.18012,0.35951,0,0.564433,-3984.61,-0.0102394,0.044387,-0.00235632,-0.14179,1.07935,2.3127,0,1.05212,21.1903,0,1.0572,14.3318,0,1.0572,0.47903,1.0572,,1,,800000099.0,800000099.0,800000099.0,800000099.0,800010099.0,800010199.0,899999999.0,899999999.0,89999.0,89999.0,89.0,89.0,1.0,7.0,2.0,44.0,30.0,14.0,,0.0,0.0,100.0,0.636056,0,0.323585,0,0.169225,0,0.00599105,0,0.014801,0,12.9134,2,,1,0.00192094,0.0143318,0.47903,,98.6274,39.3105,-76.62375,64.0
2025-05-17 03:30:00,2025-05-17,2025-05-17 03:30:00,137.1458,18000.0,18000.0,0.0,0.0,-0.145975,0,0.0,-3.07759,0,0.0,8.95495,0,1.0,8.38562,0,0.0,0.20239,0,1.0,,1,0.0,17.7671,0,431.054,440.104,-0.1,0.0,847.561,0,20.563,20.9947,0.0,1.0,,1,,,,9.0,296.714,0,292.033,0,100.075,0,1.18457,0,1016.89,0,0.0242614,0.0131149,0.015273,2.0584,2.1747801,0.0128933,94.6486,0.116381,291.12,1.36687,0,0.193876,0,-0.0232837,0,1.38075,3.85231e-14,1.49201e-14,1.38075,0,4.6556,172.397,0,8.07294,-0.96623,0.351041,0,0.592119,1229.09,0.0331952,-0.343675,0.00727808,-0.140881,1.03616,-2.4852,0,1.01713,8.8862,0,1.02393,8.25622,0,1.02393,0.200836,1.02393,,1,,800000099.0,800000099.0,800000099.0,800000099.0,800000199.0,800001199.0,899999999.0,899999999.0,89999.0,89999.0,89.0,89.0,0.0,4.0,0.0,44.0,45.0,22.0,,0.0,0.0,100.0,0.64461,0,0.357533,0,0.182095,0,0.00284535,0,0.00493505,0,12.1522,2,,1,-0.00206312,0.00825622,0.200836,,98.5906,39.3105,-76.62375,64.0
2025-05-17 04:00:00,2025-05-17,2025-05-17 04:00:00,137.1666,18000.0,18000.0,0.0,0.0,-0.0944395,0,0.0,-4.67564,0,0.0,-4.66374,0,0.0,4.4932,0,1.0,-0.10539,0,0.0,,1,0.0,17.7982,0,431.626,440.743,0.0,0.0,852.98,0,20.6857,21.1226,-0.1,0.0,,1,,,,9.0,296.688,0,291.889,0,100.068,0,1.18502,0,1016.96,0,0.0242511,-0.00682928,0.0153707,2.07054,2.15527,0.0129708,96.0684,0.0847359,291.213,0.452494,0,-0.62122,0,0.216021,0,0.79833,-3.38908e-14,2.071e-14,0.79833,0,3.63103,225.941,0,306.069,15.6994,0.282302,0,0.438446,420.735,0.0969731,1.00255,0.0137436,-0.0903082,1.04575,-4.85209,0,1.02245,-3.94198,0,1.03134,4.63018,0,1.03134,-0.08908,1.03134,,1,,800000099.0,800000099.0,800000099.0,800000099.0,800000099.0,800001199.0,899999999.0,899999999.0,89999.0,89999.0,89.0,89.0,15.0,0.0,0.0,22.0,24.0,34.0,,0.0,0.0,100.0,0.508353,0,0.249843,0,0.118697,0,0.00401181,0,0.00709277,0,2.33202,2,,1,-0.00402625,0.00463018,-0.08908,,98.5478,39.3105,-76.62375,64.0
2025-05-17 04:30:00,2025-05-17,2025-05-17 04:30:00,137.1874,18000.0,18000.0,0.0,0.0,0.0363116,4,0.0,-8.36513,0,0.0,-1.8603,8,2.0,12.9488,0,0.0,-0.0420349,8,2.0,,1,0.0,17.9625,0,435.487,444.684,0.0,0.0,853.047,0,20.6815,21.1182,-0.2,0.0,,1,,,,9.0,296.666,0,291.796,0,100.065,0,1.18536,0,1016.95,0,0.0242442,-0.00272386,0.0153719,2.07004,2.14275,0.0129682,96.6068,0.0727072,291.209,0.490922,0,-0.462637,0,0.10292,0,0.682371,7.01812e-14,-3.18602e-15,0.682371,0,2.99253,214.047,0,316.699,8.6749,0.175024,0,0.352285,56.0425,0.728019,4.49665,0.0396483,0.0355563,1.02124,-8.36872,0,1.01304,-0.892819,0,1.03492,12.9423,0,1.03492,-0.0201739,1.03492,,1,,800000099.0,800000099.0,800000099.0,800000099.0,800001099.0,800001099.0,899999999.0,899999999.0,89999.0,89999.0,89.0,89.0,17.0,3.0,0.0,11.0,24.0,22.0,,0.0,0.0,100.0,0.227368,0,0.404192,0,0.0730107,0,0.00644859,0,0.0290481,0,2.76874,2,,1,-0.00694239,0.0129423,-0.0201739,,98.5539,39.3105,-76.62375,64.0
2025-05-17 05:00:00,2025-05-17,2025-05-17 05:00:00,137.2083,18000.0,18000.0,0.0,0.0,-0.054467,0,0.0,-3.99922,0,0.0,-2.30632,0,1.0,9.79268,0,0.0,-0.0521104,0,1.0,,1,0.0,17.976,0,435.804,445.014,-0.1,0.0,853.699,0,20.6968,21.1342,-0.1,0.0,,1,,,,9.0,296.67,0,291.745,0,100.049,0,1.18538,0,1016.96,0,0.0242437,-0.00337676,0.0153837,2.07126,2.13598,0.0129779,96.9703,0.0647147,291.219,0.214868,0,-0.360217,0,0.106845,0,0.432828,4.55934e-14,1.35141e-14,0.432828,0,3.01477,236.806,0,300.816,14.2913,0.214357,0,0.31282,215.323,0.189483,1.73403,0.0154766,-0.0511815,1.06419,-4.0109,0,1.03217,-1.75215,0,1.04382,9.59915,0,1.04382,-0.0395892,1.04382,,1,,800000099.0,800000099.0,800000099.0,800000099.0,800000199.0,801001199.0,899999999.0,899999999.0,89999.0,89999.0,89.0,89.0,6.0,0.0,0.0,37.0,30.0,73.0,,0.0,0.0,100.0,0.386865,0,0.180072,0,0.058703,0,0.00486471,0,0.0303433,0,3.51681,2,,1,-0.00332722,0.00959915,-0.0395892,,98.4637,39.3105,-76.62375,64.0
2025-05-17 05:30:00,2025-05-17,2025-05-17 05:30:00,137.2291,18000.0,18000.0,0.0,0.0,-0.0777959,0,0.0,-11.1709,0,0.0,-2.90885,0,1.0,9.45363,0,0.0,-0.0657261,0,1.0,,1,0.0,17.9883,0,436.308,445.534,-0.1,0.0,853.732,0,20.7073,21.1452,-0.2,0.0,,1,,,,9.0,296.577,0,291.772,0,100.012,0,1.18482,0,1016.97,0,0.0242551,-0.00425905,0.0153842,2.07153,2.1396,0.0129845,96.8187,0.068066396,291.221,0.629883,0,-0.593613,0,0.122778,0,0.874187,-4.44344e-14,4.2537e-15,0.874187,0,3.21365,219.89,0,316.698,8.07376,0.256244,0,0.447289,131.645,0.309925,3.84032,0.0361808,-0.0757988,1.02635,-11.1867,0,1.01441,-1.60302,0,1.02807,9.77939,0,1.02807,-0.0362207,1.02807,,1,,800000099.0,800000099.0,800000099.0,800000099.0,800001199.0,800001199.0,899999999.0,899999999.0,89999.0,89999.0,89.0,89.0,0.0,0.0,3.0,7.0,46.0,81.0,,0.0,0.0,100.0,0.289721,0,0.499756,0,0.105102,0,0.00771876,0,0.0082483,0,2.25331,2,,1,-0.00928419,0.00977939,-0.0362207,,98.5399,39.3105,-76.62375,64.0
2025-05-17 06:00:00,2025-05-17,2025-05-17 06:00:00,137.2499,18000.0,18000.0,0.0,0.0,-0.0132415,0,1.0,-8.58405,0,1.0,-4.98409,0,1.0,7.70067,0,1.0,-0.112623,0,1.0,,1,0.0,18.0093,0,437.104,446.324,-0.1,0.0,851.137,0,20.658,21.0938,-0.2,0.0,,1,,,,9.0,296.675,0,291.83,0,99.9659,0,1.18406,0,1016.94,0,0.0242711,-0.00729797,0.0153375,2.06565,2.14742,0.0129533,96.1923,0.081768095,291.176,0.421322,0,-0.799695,0,0.154131,0,0.916942,-1.03809e-14,1.57989e-14,0.916942,0,2.80955,238.253,0,297.783,9.67694,0.10575,0,0.211044,12.0377,3.38936,1.72229,0.0674127,-0.0131093,1.01008,-8.76295,0,1.01298,-3.68727,0,1.07423,7.62393,0,1.07423,-0.0833195,1.07423,,1,,800000099.0,800000099.0,800000099.0,800000099.0,800001099.0,800001199.0,899999999.0,899999999.0,89999.0,89999.0,89.0,89.0,10.0,2.0,0.0,14.0,30.0,56.0,,0.0,0.0,100.0,0.229832,0,0.134077,0,0.0581793,0,0.0136212,0,0.0115785,0,7.06742,2,,1,-0.0072775,0.00762393,-0.0833195,,98.5452,39.3105,-76.62375,64.0
2025-05-17 06:30:00,2025-05-17,2025-05-17 06:30:00,137.2707,18000.0,18000.0,0.0,0.0,0.0511148,4,0.0,-12.7514,0,0.0,-1.94316,8,2.0,2.56131,0,1.0,-0.043923,8,2.0,,1,0.0,17.9627,0,436.649,445.779,0.0,0.0,842.553,0,20.4813,20.9096,-0.4,0.0,,1,,,,9.0,296.962,0,292.168,0,99.926895,0,1.18231,0,1016.84,0,0.0243086,-0.00284621,0.0151828,2.04718,2.19321,0.0128417,93.3417,0.14603,291.033,0.67852,0,-0.699416,0,0.176393,0,0.990296,4.05124e-14,9.94416e-15,0.990296,0,4.31311,221.569,0,314.131,10.2603,0.207926,0,0.489432,61.5773,0.662582,6.56222,0.0510113,0.0503076,1.01604,-12.7365,0,1.01045,-0.533636,0,1.03099,3.13542,0,1.03099,-0.0120622,1.03099,,1,,800000099.0,800000099.0,800000099.0,800000099.0,800000099.0,800001099.0,899999999.0,899999999.0,89999.0,89999.0,89.0,89.0,6.0,9.0,3.0,7.0,33.0,15.0,,0.0,0.0,100.0,0.468013,0,0.390025,0,0.120826,0,0.0176472,0,0.00570804,0,9.66541,2,,1,-0.0105941,0.00313542,-0.0120622,,98.5775,39.3105,-76.62375,64.0
2025-05-17 07:00:00,2025-05-17,2025-05-17 07:00:00,137.2916,18000.0,18000.0,0.0,0.0,-0.0380461,0,1.0,-16.814,0,0.0,2.24569,0,1.0,6.4516,0,0.0,0.0507705,0,1.0,,1,0.0,18.0588,0,439.409,448.512,-0.1,0.0,834.095,0,20.2953,20.7158,0.2,0.0,,1,,,,9.0,297.056,0,292.357,0,99.89471,0,1.18125,0,1016.74,0,0.0243322,0.00328993,0.0150304,2.02794,2.2191699,0.0127242,91.383,0.191225,290.883,0.57655,0,-0.647217,0,0.239668,0,0.8993,4.48783e-14,-1.23582e-14,0.8993,0,3.95259,217.535,0,311.695,15.4564,0.179467,0,0.424716,30.0209,1.35905,-7.48725,0.0780073,-0.0375753,1.01253,-16.5131,0,1.01016,3.80667,0,1.04206,6.99961,0,1.04206,0.0860611,1.04206,,1,,800000099.0,800000099.0,800000099.0,800000099.0,800000099.0,800000099.0,899999999.0,899999999.0,89999.0,89999.0,89.0,89.0,5.0,2.0,0.0,7.0,18.0,14.0,,0.0,0.0,100.0,0.520005,0,0.234244,0,0.0951842,0,0.0190098,0,0.00884384,0,6.95537,2,,1,-0.0137492,0.00699961,0.0860611,,98.5726,39.3105,-76.62375,64.0
2025-05-17 07:30:00,2025-05-17,2025-05-17 07:30:00,137.3124,18000.0,18000.0,0.0,0.0,-0.0370974,0,1.0,-26.8051,0,1.0,42.5624,0,1.0,7.94072,0,1.0,0.962461,0,1.0,,1,0.0,18.0267,0,438.91,447.869,0.0,0.0,821.578,0,20.0036,20.4119,0.0,0.0,,1,,,,9.0,297.142,0,292.584,0,99.9085,0,1.18062,0,1016.58,0,0.0243477,0.0623675,0.0148048,1.99906,2.25077,0.0125398,88.8167,0.251711,290.655,0.809367,0,-1.4887,0,0.308086,0,1.72227,-1.25422e-14,4.54746e-14,1.72227,0,4.54587,239.328,0,298.532,10.3047,0.177262,0,0.569728,18.1466,2.24836,-0.629784,0.125994,-0.0367965,1.00818,-24.0244,0,1.01078,42.1902,0,1.05437,8.43559,0,1.05437,0.954046,1.05437,,1,,800000099.0,800000099.0,800000099.0,800000099.0,800000099.0,800001099.0,899999999.0,899999999.0,89999.0,89999.0,89.0,89.0,12.0,4.0,0.0,25.0,17.0,13.0,,0.0,0.0,100.0,0.683719,0,0.261006,0,0.19473,0,0.0142823,0,0.00289906,0,52.5017,2,,1,-0.0200171,0.00843559,0.954046,,98.6061,39.3105,-76.62375,64.0
2025-05-17 08:00:00,2025-05-17,2025-05-17 08:00:00,137.3332,18000.0,18000.0,0.0,0.0,-0.0341994,0,0.0,-15.0107,0,0.0,6.55021,0,0.0,5.05328,0,0.0,0.148114,0,0.0,,1,0.0,18.1102,0,440.935,449.833,-0.1,0.0,812.402,0,19.7799,20.179,0.1,0.0,,1,,,,9.0,297.049,0,292.543,0,99.8959,0,1.18074,0,1016.45,0,0.0243474,0.00959777,0.0146395,1.97646,2.24503,0.0123985,88.0368,0.268579,290.475,0.534274,0,-0.418441,0,0.0488898,0,0.680391,2.32649e-14,1.72769e-15,0.680391,0,2.89356,211.102,0,321.932,4.12057,0.170189,0,0.343728,28.6749,1.42285,-2.29164,0.07349,-0.0336796,1.01543,-14.4531,0,1.01151,7.62117,0,1.04402,5.51927,0,1.04402,0.17233,1.04402,,1,,800000099.0,800000099.0,800000099.0,800000099.0,800000099.0,800001199.0,899999999.0,899999999.0,89999.0,89999.0,89.0,89.0,0.0,1.0,0.0,8.0,31.0,12.0,,0.0,0.0,100.0,0.243789,0,0.354883,0,0.0887841,0,0.0190039,0,0.0077188,0,15.9051,2,,1,-0.0120425,0.00551927,0.17233,,98.5888,39.3105,-76.62375,64.0
2025-05-17 08:30:00,2025-05-17,2025-05-17 08:30:00,137.3541,18000.0,18000.0,0.0,0.0,-0.0215393,0,1.0,-2.73086,0,0.0,-3.30856,8,2.0,6.7791,0,1.0,-0.0747927,8,2.0,,1,0.0,18.3428,0,446.414,455.338,0.1,0.0,805.293,0,19.5986,19.9904,0.0,1.0,,1,,,,9.0,296.861,0,292.258,0,99.8402,0,1.18132,0,1016.34,0,0.0243372,-0.00484656,0.0145114,1.95725,2.20556,0.0122841,88.7417,0.248308,290.321,-0.456448,0,-0.300375,0,0.0985768,0,0.555237,9.57678e-14,-1.33117e-14,0.555237,0,2.4962,313.849,0,213.348,10.2265,0.135031,0,0.326946,78.6896,0.518493,0.825394,0.0168446,-0.0209125,1.02997,-2.88311,0,1.01689,-2.86438,0,1.03564,6.71593,0,1.03564,-0.0647518,1.03564,,1,,800000099.0,800000099.0,800000099.0,800000099.0,800000099.0,800011099.0,899999999.0,899999999.0,89999.0,89999.0,89.0,89.0,0.0,1.0,0.0,8.0,10.0,5.0,,0.0,0.0,100.0,0.473932,0,0.149772,0,0.0301882,0,0.0236197,0,0.0535593,0,90.091,2,,1,-0.00240135,0.00671593,-0.0647518,,98.4071,39.3105,-76.62375,64.0
2025-05-17 09:00:00,2025-05-17,2025-05-17 09:00:00,137.3749,18000.0,18000.0,0.0,0.0,0.167706,4,0.0,-17.913,0,1.0,5.17796,0,0.0,4.11845,0,1.0,0.117033,0,0.0,,1,0.0,18.4124,0,447.739,456.647,-0.1,0.0,802.195,0,19.5072,19.8953,-0.1,0.0,,1,,,,9.0,296.691,0,292.09,0,99.8647,0,1.18233,0,1016.29,0,0.0243172,0.00758374,0.0144555,1.9485999,2.18252,0.0122263,89.2822,0.23391901,290.251,0.937842,0,-0.624544,0,0.162495,0,1.13842,3.90881e-14,-2.03692e-14,1.13842,0,4.48616,209.428,0,326.339,8.20626,0.376622,0,0.814706,260.336,0.15672,-3.45947,0.0395829,0.163114,1.02815,-17.3423,0,1.0146,6.72284,0,1.02462,4.88549,0,1.02462,0.151951,1.02462,,1,,800000099.0,800000099.0,800000099.0,800000099.0,800000099.0,800000099.0,899999999.0,899999999.0,89999.0,89999.0,89.0,89.0,5.0,10.0,1.0,7.0,26.0,4.0,,0.0,0.0,100.0,0.534301,0,0.89995,0,0.195162,0,0.030099,0,0.0154415,0,46.4616,2,,1,-0.0144329,0.00488549,0.151951,,98.5657,39.3105,-76.62375,64.0
2025-05-17 09:30:00,2025-05-17,2025-05-17 09:30:00,137.3957,18000.0,18000.0,0.0,0.0,0.0481919,4,0.0,-20.092,0,1.0,24.6549,0,1.0,5.51172,0,1.0,0.557248,0,1.0,,1,0.0,18.236,0,443.734,452.354,-0.1,0.0,783.114,0,19.0553,19.4255,-0.1,0.0,,1,,,,9.0,296.772,0,292.08,0,99.7976,0,1.18178,0,1016.03,0,0.0243328,0.0361097,0.0141117,1.90219,2.18119,0.0119411,87.2088,0.279,289.871,0.128714,0,-0.788089,0,0.116588,0,0.806997,-6.63174e-14,1.6844e-14,0.806997,0,3.80255,259.11,0,279.276,8.3067,0.201939,0,0.545094,35.7584,1.14099,-0.814929,0.0828632,0.0474686,1.01524,-18.4099,0,1.01083,25.2102,0,1.03807,6.07775,0,1.03807,0.569799,1.03807,,1,,800000099.0,800000099.0,800000099.0,800000099.0,800000099.0,800100099.0,899999999.0,899999999.0,89999.0,89999.0,89.0,89.0,3.0,5.0,0.0,1.0,6.0,0.0,,0.0,0.0,100.0,0.496174,0,0.523043,0,0.0709706,0,0.0446844,0,0.0121099,0,78.1644,2,,1,-0.0153324,0.00607775,0.569799,,98.4722,39.3105,-76.62375,64.0
2025-05-17 10:00:00,2025-05-17,2025-05-17 10:00:00,137.4165,18000.0,18000.0,0.0,0.0,-0.121704,0,0.0,-17.0432,0,0.0,14.3289,0,0.0,8.0488,0,0.0,0.323892,0,0.0,,1,0.0,18.363,0,446.996,455.699,-0.1,0.0,784.604,0,19.099,19.4708,0.0,0.0,,1,,,,9.0,296.595,0,292.179,0,99.7929,0,1.1813,0,1016.06,0,0.0243421,0.0209882,0.0141386,1.9064499,2.19463,0.0119686,86.8688,0.288181,289.906,1.3357,0,0.115672,0,-0.00727174,0,1.34072,-2.25007e-15,1.5566e-14,1.34072,0,5.0818,176.879,0,4.94948,-0.31076,0.320975,0,0.634652,169.276,0.241026,-1.18943,0.0442386,-0.119261,1.02048,-15.9858,0,1.01138,15.3857,0,1.02316,8.59728,0,1.02316,0.34778,1.02316,,1,,800000099.0,800000099.0,800000099.0,800000099.0,800000099.0,800000099.0,899999999.0,899999999.0,89999.0,89999.0,89.0,89.0,0.0,2.0,1.0,14.0,61.0,48.0,,0.0,0.0,100.0,0.669745,0,0.414774,0,0.184786,0,0.0196387,0,0.00666516,0,14.8656,2,,1,-0.0133185,0.00859728,0.34778,,98.3389,39.3105,-76.62375,64.0
2025-05-17 10:30:00,2025-05-17,2025-05-17 10:30:00,137.4374,18000.0,18000.0,0.0,0.0,-0.260999,0,0.0,-12.7737,0,0.0,17.9319,0,0.0,6.3401,0,0.0,0.405278,0,0.0,,1,0.0,18.4709,0,449.521,458.344,0.0,0.0,790.999,0,19.2503,19.6281,0.0,0.0,,1,,,,9.0,296.377,0,292.034,0,99.7659,0,1.1815,0,1016.14,0,0.0243367,0.026262,0.0142538,1.92104,2.1749399,0.0120642,88.3259,0.253905,290.026,1.9735,0,0.0834536,0,0.0100833,0,1.97529,2.33324e-14,6.39798e-15,1.97529,0,7.96416,179.19,0,2.42143,0.292479,0.470005,0,1.40994,709.004,0.0575455,-0.712347,0.0226375,-0.25515,1.02292,-11.5405,0,1.01161,18.5054,0,1.01925,6.7018,0,1.01925,0.41824,1.01925,,1,,800000099.0,800000099.0,800000099.0,800000099.0,800000099.0,800000199.0,899999999.0,899999999.0,89999.0,89999.0,89.0,89.0,11.0,8.0,3.0,8.0,85.0,116.0,,0.0,0.0,100.0,1.61891,0,0.893053,0,0.307924,0,0.0173524,0,0.00434517,0,19.7616,2,,1,-0.00961254,0.0067018,0.41824,,98.3703,39.3105,-76.62375,64.0
2025-05-17 11:00:00,2025-05-17,2025-05-17 11:00:00,137.4582,18000.0,18000.0,0.0,0.0,-0.275997,0,0.0,-10.2294,0,1.0,16.285,0,1.0,6.66591,0,0.0,0.368155,0,1.0,,1,0.0,18.3706,0,447.644,456.322,0.0,0.0,780.413,0,19.0166,19.3852,0.0,0.0,,1,,,,9.0,296.589,0,292.309,0,99.734,0,1.18012,0,1016.01,0,0.0243673,0.0238564,0.014063,1.89711,2.2125,0.0119167,85.745,0.315393,289.829,1.9834,0,0.111164,0,-0.0551004,0,1.98728,2.1628e-14,-9.19071e-15,1.98728,0,7.48096,177.272,0,3.20791,-1.58882,0.483604,0,1.66424,964.187,0.0423154,-0.628149,0.0176416,-0.269475,1.0242,-9.12001,0,1.01204,16.6615,0,1.01929,6.90411,0,1.01929,0.376666,1.01929,,1,,800000099.0,800000099.0,800000099.0,800000099.0,800000099.0,800001099.0,899999999.0,899999999.0,89999.0,89999.0,89.0,89.0,2.0,9.0,4.0,45.0,151.0,137.0,,0.0,0.0,100.0,1.74449,0,1.13133,0,0.452669,0,0.0119693,0,0.00487875,0,87.0201,2,,1,-0.00760626,0.00690411,0.376666,,98.3745,39.3105,-76.62375,64.0
2025-05-17 11:30:00,2025-05-17,2025-05-17 11:30:00,137.479,18000.0,18000.0,0.0,0.0,-0.526201,0,0.0,-11.9345,8,2.0,26.5294,0,1.0,8.00319,0,0.0,0.600119,0,1.0,,1,0.0,18.0885,0,441.703,449.758,0.0,0.0,733.408,0,17.9091,18.2357,0.0,0.0,,1,,,,9.0,297.034,0,292.948,0,99.7409,0,1.17812,0,1015.4,0,0.024419,0.0388877,0.013216,1.78675,2.30226,0.0112179,77.6085,0.515511,288.889,1.75243,0,-0.427277,0,0.148253,0,1.80979,2.04567e-13,5.03994e-14,1.80979,0,9.46903,193.179,0,346.336,4.69875,0.668316,0,2.73532,2180.84,0.0187084,-0.44986,0.0149279,-0.511173,1.0294,-10.159,0,1.01403,26.6105,0,1.02059,8.18556,0,1.02059,0.601954,1.02059,,1,,800000099.0,800000099.0,800000099.0,800100099.0,800000099.0,800000199.0,899999999.0,899999999.0,89999.0,89999.0,89.0,89.0,9.0,6.0,0.0,22.0,149.0,51.0,,0.0,0.0,100.0,1.78584,0,2.76413,0,0.920685,0,0.037137,0,0.0174494,0,328.721,0,,1,-0.00849237,0.00818556,0.601954,,98.3823,39.3105,-76.62375,64.0
2025-05-17 12:00:00,2025-05-17,2025-05-17 12:00:00,137.4999,18000.0,18000.0,0.0,0.0,-0.312405,0,0.0,-8.33924,0,0.0,12.6455,8,2.0,17.3327,0,1.0,0.286003,8,2.0,,1,0.0,18.1315,0,442.809,451.172,0.0,0.0,759.002,0,18.5364,18.8865,0.0,0.0,,1,,,,9.0,296.816,0,292.769,0,99.6673,0,1.17769,0,1015.75,0,0.0244221,0.018533,0.0136772,1.84797,2.27677,0.0116136,81.1662,0.428801,289.416,1.83348,0,0.289894,0,0.0233739,0,1.8564,-4.94031e-14,3.44832e-14,1.8564,0,6.8549,170.649,0,8.98475,0.721431,0.515044,0,1.61356,1427.93,0.0285728,-0.659464,0.0135353,-0.304095,1.02733,-7.46282,0,1.01326,12.9497,0,1.02011,17.2901,0,1.02011,0.292883,1.02011,,1,,800000099.0,800000099.0,800000099.0,800000099.0,800000099.0,800000099.0,899999999.0,899999999.0,89999.0,89999.0,89.0,89.0,5.0,13.0,1.0,30.0,131.0,93.0,,0.0,0.0,100.0,1.55509,0,1.25486,0,0.417165,0,0.00856119,0,0.0111026,0,39.4032,2,,1,-0.0062386,0.0172901,0.292883,,98.3534,39.3105,-76.62375,64.0
2025-05-17 12:30:00,2025-05-17,2025-05-17 12:30:00,137.5207,18000.0,18000.0,0.0,0.0,-0.221995,0,1.0,-12.5658,0,1.0,38.1353,0,0.0,8.41656,0,0.0,0.862871,0,0.0,,1,0.0,17.855,0,436.658,444.688,0.0,0.0,738.347,0,18.0568,18.3889,0.0,0.0,,1,,,,9.0,297.142,0,293.207,0,99.6791,0,1.17628,0,1015.48,0,0.0244557,0.055914,0.013305,1.80037,2.33951,0.0113111,76.9551,0.539136,289.008,0.292268,0,-2.11944,0,0.293301,0,2.1595,2.26912e-13,6.20574e-16,2.1595,0,9.15344,242.6,0,277.852,7.80597,0.434426,0,4.48916,568.677,0.0717455,-0.329505,0.0242152,-0.217514,1.0206,-10.1125,0,1.01067,37.9142,0,1.01855,8.52227,0,1.01855,0.857868,1.01855,,1,,800000099.0,800000099.0,800000099.0,800000099.0,800001099.0,800001099.0,899999999.0,899999999.0,89999.0,89999.0,89.0,89.0,2.0,0.0,1.0,27.0,53.0,25.0,,0.0,0.0,100.0,4.47089,0,4.07216,0,0.43526,0,0.0384327,0,0.00756315,0,125.472,0,,1,-0.0084659,0.00852227,0.857868,,98.3606,39.3105,-76.62375,64.0
2025-05-17 13:00:00,2025-05-17,2025-05-17 13:00:00,137.5415,18000.0,18000.0,0.0,0.0,-0.247286,0,1.0,-10.9757,0,1.0,65.7203,0,0.0,9.05119,0,0.0,1.48805,0,0.0,,1,0.0,17.5897,0,430.601,438.159,0.1,0.0,704.617,0,17.2492,17.552,0.0,0.0,,1,,,,9.0,297.5,0,293.92,0,99.8211,0,1.17546,0,1015.04,0,0.0244803,0.0964257,0.0126972,1.7223,2.44471,0.0108019,70.45,0.722412,288.316,0.869268,0,-3.11292,0,0.573985,0,3.28258,-3.31065e-14,3.77445e-15,3.28258,0,9.84422,253.973,0,285.602,10.0704,0.458665,0,2.1556,766.917,0.0532,-0.167006,0.0200559,-0.243522,1.01546,-6.86737,0,1.00848,64.5134,0,1.01623,8.81771,0,1.01623,1.46072,1.01623,,1,,800000099.0,800000099.0,800000099.0,800000099.0,800001099.0,800001099.0,899999999.0,899999999.0,89999.0,89999.0,89.0,89.0,8.0,2.0,0.0,56.0,55.0,22.0,,0.0,0.0,100.0,2.55653,0,1.25099,0,0.50369,0,0.0081756,0,0.00700188,0,88.9834,2,,1,-0.00575569,0.00881771,1.46072,,98.3749,39.3105,-76.62375,64.0
2025-05-17 13:30:00,2025-05-17,2025-05-17 13:30:00,137.5624,18000.0,18000.0,0.0,0.0,-0.126629,0,0.0,47.1912,0,0.0,64.3632,0,0.0,5.02179,0,1.0,1.4585,0,0.0,,1,0.0,17.356,0,426.413,433.738,0.0,0.0,687.375,0,16.8878,17.1779,0.0,0.0,,1,,,,9.0,297.768,0,294.757,0,99.7455,0,1.1714,0,1014.86,0,0.0245686,0.094511,0.0123865,1.68494,2.57351,0.0105741,65.4724,0.88857204,287.975,0.622115,0,-1.30266,0,0.264975,0,1.46771,5.65666e-14,-1.54819e-14,1.46771,0,5.38418,241.692,0,295.528,10.401,0.328786,0,1.00092,-65.6624,-0.62136,0.733202,-0.120736,-0.118315,1.07027,48.9198,0,1.04609,56.3117,0,1.05113,1.96201,0,1.05113,1.27605,1.05113,,1,,800000099.0,800000099.0,800000099.0,800000099.0,800001099.0,800001099.0,899999999.0,899999999.0,89999.0,89999.0,89.0,89.0,16.0,5.0,4.0,11.0,79.0,14.0,,0.0,0.0,100.0,0.934562,0,0.797008,0,0.270261,0,0.0483758,0,0.0064077,0,46.024,2,,1,0.0411505,0.00196201,1.27605,,98.3629,39.3105,-76.62375,64.0
2025-05-17 14:00:00,2025-05-17,2025-05-17 14:00:00,137.5832,18000.0,18000.0,0.0,0.0,-0.415219,0,1.0,65.1804,0,0.0,56.0094,0,0.0,1.09914,0,1.0,1.26992,0,0.0,,1,0.0,17.2647,0,425.338,432.715,-0.1,0.0,691.968,0,17.0475,17.3432,0.0,0.0,,1,,,,9.0,298.01,0,295.341,0,99.668396,0,1.16811,0,1014.96,0,0.0246363,0.0822907,0.0124693,1.69956,2.66683,0.0106747,63.7295,0.967271,288.11,1.1707,0,-0.433763,0,0.189072,0,1.26271,-1.08165e-14,-2.4664e-14,1.26271,0,6.25176,197.017,0,339.67,8.61154,0.596207,0,1.50584,-283.328,-0.144003,1.16374,-0.092212,-0.384898,1.07878,65.2739,0,1.05174,46.7189,0,1.05681,-2.51218,0,1.05681,1.05927,1.05681,,1,,800000099.0,800000099.0,800000099.0,800000099.0,800001099.0,800001099.0,899999999.0,899999999.0,89999.0,89999.0,89.0,89.0,11.0,6.0,0.0,16.0,120.0,49.0,,0.0,0.0,100.0,0.83008,0,1.68316,0,0.498444,0,0.0489711,0,0.00134403,0,50.6273,2,,1,0.0550563,-0.00251218,1.05927,,98.29,39.3105,-76.62375,64.0
2025-05-17 14:30:00,2025-05-17,2025-05-17 14:30:00,137.604,18000.0,18000.0,0.0,0.0,-0.525137,0,0.0,98.0039,0,0.0,5.61864,8,2.0,3.34954,8,2.0,0.127504,8,2.0,,1,0.0,17.1872,0,424.707,432.195,-0.1,0.0,701.188,0,17.3268,17.6323,0.0,1.0,,1,,,,9.0,298.518,0,296.237,0,99.670105,0,1.16447,0,1015.14,0,0.0247107,0.00826225,0.0126354,1.7274301,2.81586,0.0108508,61.3464,1.08843,288.362,1.3995,0,-0.765435,0,0.314672,0,1.6258,-6.32899e-15,2.38903e-14,1.6258,0,8.12988,203.9,0,331.323,11.16,0.67154,0,2.71846,-269.292,-0.151508,17.4426,-0.123457,-0.493126,1.06491,94.3371,0,1.04255,-2.98425,0,1.04759,-1.44592,0,1.04759,-0.0677216,1.04759,,1,,800000099.0,800000099.0,800000099.0,800100099.0,800000099.0,800001099.0,899999999.0,899999999.0,89999.0,89999.0,89.0,89.0,11.0,3.0,0.0,17.0,177.0,56.0,,0.0,0.0,100.0,1.65068,0,2.94889,0,0.837347,0,0.140011,0,0.00247612,0,50.5602,2,,1,0.0798047,-0.00144592,-0.0677216,,98.2573,39.3105,-76.62375,64.0
2025-05-17 15:00:00,2025-05-17,2025-05-17 15:00:00,137.6249,18000.0,18000.0,0.0,0.0,-0.498986,0,1.0,294.251,0,1.0,26.7368,8,2.0,-11.3721,0,1.0,0.607411,8,2.0,,1,0.0,16.9992,0,421.768,429.285,-0.1,0.0,705.768,0,17.5108,17.8229,0.0,1.0,,1,,,,9.0,299.678,0,297.379,0,99.649704,0,1.15968,0,1015.27,0,0.024811,0.0393602,0.0127179,1.7454201,3.01633,0.0109668,57.8656,1.27091,288.524,1.43926,0,-0.943288,0,0.393292,0,1.76521,-8.56669e-14,-1.94452e-14,1.76521,0,9.08661,208.073,0,326.759,12.8737,0.655957,0,3.21803,-83.5835,-0.488134,11.0055,-0.380999,-0.470361,1.06086,284.566,0,1.03989,0.153427,0,1.04493,-24.8003,0,1.04493,0.00348557,1.04493,,1,,800000099.0,800000099.0,800000099.0,800000099.0,800000099.0,800001099.0,899999999.0,899999999.0,89999.0,89999.0,89.0,89.0,9.0,0.0,1.0,28.0,143.0,45.0,,0.0,0.0,100.0,2.02573,0,3.54251,0,0.867811,0,0.417938,0,0.0103574,0,93.5144,2,,1,0.241693,-0.0248003,0.00348557,,98.2355,39.3105,-76.62375,64.0
2025-05-17 15:30:00,2025-05-17,2025-05-17 15:30:00,137.6457,18000.0,18000.0,0.0,0.0,-0.483916,0,0.0,257.343,0,0.0,45.588,8,2.0,-2.12333,0,1.0,1.03691,8,2.0,,1,0.0,16.7016,0,416.166,423.189,-0.1,0.0,666.011,0,16.5955,16.8756,0.0,0.0,,1,,,,9.0,300.846,0,298.602,0,99.6308,0,1.15511,0,1014.79,0,0.0249178,0.0671915,0.0120015,1.65387,3.24456,0.0103899,50.9735,1.5906899,287.687,1.335,0,-1.81291,0,0.535171,0,2.314,1.18498e-13,-3.03535e-15,2.314,0,9.48732,227.459,0,306.366,13.3722,0.647251,0,3.66737,-91.7919,-0.444484,5.64496,-0.339188,-0.46132,1.04898,252.096,0,1.03215,22.465,0,1.03729,-14.301,0,1.03729,0.51097,1.03729,,1,,800000099.0,800000099.0,800000099.0,800100099.0,800001099.0,800001099.0,899999999.0,899999999.0,89999.0,89999.0,89.0,89.0,5.0,1.0,1.0,29.0,74.0,19.0,,0.0,0.0,100.0,3.68698,0,2.69287,0,0.954876,0,0.29211,0,0.0110874,0,267.29,0,,1,0.215064,-0.014301,0.51097,,98.2763,39.3105,-76.62375,64.0
2025-05-17 16:00:00,2025-05-17,2025-05-17 16:00:00,137.6665,18000.0,18000.0,0.0,0.0,-0.48049,0,0.0,151.424,0,0.0,127.878,0,0.0,2.61396,0,0.0,2.91011,0,0.0,,1,0.0,16.515,0,412.417,419.002,-0.1,0.0,629.346,0,15.7162,15.9671,0.0,0.0,,1,,,,9.0,301.409,0,299.135,0,99.5909,0,1.15298,0,1014.31,0,0.0249722,0.188575,0.0113408,1.5656099,3.34868,0.00983609,46.753,1.78307,286.841,1.10092,0,-3.86266,0,0.895571,0,4.11266,-2.2489e-14,1.81345e-14,4.11266,0,12.7621,253.939,0,285.894,12.5775,0.645552,0,3.83835,-154.708,-0.263722,1.18413,-0.200573,-0.466338,1.03035,156.278,0,1.02039,110.977,0,1.02632,-5.58786,0,1.02632,2.52548,1.02632,,1,,800000099.0,800000099.0,800000099.0,800100099.0,800001099.0,800001099.0,899999999.0,899999999.0,89999.0,89999.0,89.0,89.0,12.0,6.0,0.0,56.0,114.0,32.0,,0.0,0.0,100.0,4.06258,0,2.64623,0,0.967898,0,0.162294,0,0.00280679,0,88.8,2,,1,0.13363,-0.00558786,2.52548,,98.2121,39.3105,-76.62375,64.0
2025-05-17 16:30:00,2025-05-17,2025-05-17 16:30:00,137.6873,18000.0,18000.0,0.0,0.0,-0.37623,0,0.0,127.692,0,0.0,122.7,0,0.0,3.20518,0,1.0,2.79327,0,0.0,,1,0.0,16.3767,0,409.609,415.903,-0.1,0.0,604.969,0,15.1313,15.3638,0.0,0.0,,1,,,,9.0,301.838,0,299.502,0,99.55579,0,1.15142,0,1013.99,0,0.0250117,0.181004,0.0109015,1.5068101,3.42201,0.00946794,44.0329,1.9152,286.254,2.21096,0,-4.79709,0,1.09808,0,5.39351,1.27417e-14,-1.902e-14,5.39351,0,12.5597,245.253,0,294.742,11.7471,0.571624,0,4.87996,-127.331,-0.320426,1.04069,-0.191332,-0.367364,1.02414,133.189,0,1.01672,108.596,0,1.02342,-3.82984,0,1.02342,2.47219,1.02342,,1,,800000099.0,800100099.0,800000099.0,800100099.0,800000099.0,800000099.0,899999999.0,899999999.0,89999.0,89999.0,89.0,89.0,13.0,7.0,0.0,26.0,174.0,11.0,,0.0,0.0,100.0,6.31956,4,2.25452,0,1.18583,0,0.154723,0,0.00301731,0,109.841,0,,1,0.114078,-0.00382984,2.47219,,98.3538,39.3105,-76.62375,64.0
2025-05-17 17:00:00,2025-05-17,2025-05-17 17:00:00,137.7082,18000.0,18000.0,0.0,0.0,-0.648382,0,0.0,178.425,0,0.0,74.5844,0,0.0,-1.88569,0,0.0,1.69883,0,0.0,,1,0.0,16.2733,0,407.94,414.281,-0.1,0.0,610.642,0,15.3076,15.5456,0.0,0.0,,1,,,,9.0,302.37,0,300.057,0,99.5159,0,1.14875,0,1014.1,0,0.0250681,0.110085,0.0110038,1.52376,3.53574,0.00957892,43.096,2.01197,286.425,1.16849,0,-4.6005,0,0.894007,0,4.82841,5.09971e-14,9.26865e-16,4.82841,0,13.656,256.776,0,284.219,10.6702,0.751282,0,4.36853,-206.831,-0.197262,2.39225,-0.203866,-0.631645,1.0265,179.878,0,1.01809,58.3328,0,1.02443,-10.6257,0,1.02443,1.32867,1.02443,,1,,800000099.0,800000099.0,800000099.0,800100099.0,800001099.0,800001099.0,899999999.0,899999999.0,89999.0,89999.0,89.0,89.0,0.0,7.0,0.0,29.0,77.0,15.0,,0.0,0.0,100.0,4.26869,0,3.39373,0,1.07464,0,0.186444,0,0.00528849,0,90.119,2,,1,0.154408,-0.0106257,1.32867,,98.4612,39.3105,-76.62375,64.0
2025-05-17 17:30:00,2025-05-17,2025-05-17 17:30:00,137.729,18000.0,18000.0,0.0,0.0,-0.366188,0,1.0,218.049,0,0.0,214.783,0,1.0,3.08494,0,0.0,4.89652,0,1.0,,1,0.0,16.1537,0,406.285,412.378,-0.1,0.0,587.465,0,14.7755,14.9971,0.0,0.0,,1,,,,9.0,303.136,0,300.969,0,99.488205,0,1.14518,0,1013.83,0,0.0251513,0.317295,0.0105861,1.47038,3.7295601,0.00924406,39.4251,2.2591698,285.88,2.0314,0,-4.23206,0,1.0271,0,4.78604,-1.22544e-13,1.08527e-13,4.78604,0,15.6247,241.291,0,295.588,12.3922,0.565477,0,6.79653,-72.1504,-0.565485,1.01521,-0.332122,-0.356667,1.0267,227.511,0,1.0182,190.848,0,1.02452,-8.76977,0,1.02452,4.35087,1.02452,,1,,800000099.0,800000099.0,800000099.0,800100099.0,800001099.0,800001099.0,899999999.0,899999999.0,89999.0,89999.0,89.0,89.0,11.0,4.0,0.0,35.0,120.0,15.0,,0.0,0.0,100.0,9.17333,4,3.02727,0,1.39245,0,0.228645,0,0.00241299,0,896.545,0,,1,0.195958,-0.00876977,4.35087,,98.4453,39.3105,-76.62375,64.0
2025-05-17 18:00:00,2025-05-17,2025-05-17 18:00:00,137.7498,18000.0,18000.0,0.0,0.0,-0.506382,0,1.0,107.835,0,1.0,-48.8977,8,2.0,-2.2169,0,1.0,-1.11492,8,2.0,,1,0.0,16.1272,0,406.004,411.677,-0.1,0.0,547.467,0,13.7826,13.9752,0.0,1.0,,1,,,,9.0,303.318,0,301.123,0,99.4449,0,1.14453,0,1013.29,0,0.0251751,-0.0722466,0.00986536,1.37097,3.7632601,0.00861959,36.4305,2.39229,284.816,2.2134,0,-6.11674,0,1.37332,0,6.62409,-1.8744e-14,4.44206e-14,6.62409,0,16.2174,251.094,0,289.731,11.9654,0.66516,0,6.27254,-237.332,-0.171911,-2.20533,-0.13979,-0.496293,1.02033,103.229,0,1.01462,-54.4322,0,1.02215,-6.59786,0,1.02215,-1.24111,1.02215,,1,,800000099.0,800100099.0,800000099.0,800100099.0,800000099.0,800001099.0,899999999.0,899999999.0,89999.0,89999.0,89.0,89.0,10.0,12.0,0.0,35.0,87.0,5.0,,0.0,0.0,100.0,6.93526,4,4.04653,0,1.56329,0,0.178618,0,0.00226899,0,171.139,0,,1,0.0890113,-0.00659786,-1.24111,,98.5806,39.3105,-76.62375,64.0
2025-05-17 18:30:00,2025-05-17,2025-05-17 18:30:00,137.7707,18000.0,18000.0,0.0,0.0,-0.954199,0,0.0,129.744,0,0.0,51.8898,0,0.0,-0.961005,0,0.0,1.18368,0,0.0,,1,0.0,16.1114,0,406.366,411.975,-0.2,0.0,539.749,0,13.6137,13.8016,0.0,0.0,,1,,,,9.0,303.743,0,301.597,0,99.41521,0,1.14246,0,1013.21,0,0.0252223,0.0767027,0.00972627,1.35377,3.86828,0.00851342,34.9967,2.51451,284.625,1.63215,0,-6.2291,0,1.2038,0,6.53525,-1.19786e-13,-9.68076e-15,6.53525,0,15.8457,256.523,0,284.529,10.6146,0.913899,0,6.85562,-511.504,-0.0797648,2.50038,-0.122645,-0.934979,1.02056,131.104,0,1.01474,41.4688,0,1.02221,-7.26833,0,1.02221,0.945966,1.02221,,1,,800000099.0,800100099.0,800000099.0,800100099.0,800001099.0,800001099.0,899999999.0,899999999.0,89999.0,89999.0,89.0,89.0,8.0,7.0,0.0,22.0,103.0,11.0,,0.0,0.0,100.0,6.60985,4,5.39228,4,1.7091,0,0.147411,0,0.00241243,0,57.9929,2,,1,0.11326,-0.00726833,0.945966,,98.6086,39.3105,-76.62375,64.0
2025-05-17 19:00:00,2025-05-17,2025-05-17 19:00:00,137.7915,18000.0,18000.0,0.0,0.0,-0.831268,0,0.0,206.793,0,0.0,-23.4027,8,2.0,-0.856936,0,1.0,-0.534029,8,2.0,,1,0.0,16.0341,0,405.034,410.442,0.0,0.0,521.634,0,13.1769,13.3528,0.0,1.0,,1,,,,9.0,304.05,0,301.939,0,99.376205,0,1.14091,0,1012.97,0,0.0252608,-0.0346051,0.00939985,1.3098199,3.94588,0.00823891,33.1946,2.63606,284.127,1.9009,0,-5.99977,0,1.20469,0,6.39951,1.04132e-13,-8.10284e-14,6.39951,0,15.2864,253.843,0,287.465,10.8505,0.853582,0,6.15547,-261.393,-0.156087,-8.83628,-0.209624,-0.814236,1.02092,202.284,0,1.01494,-35.8415,0,1.02231,-9.9212,0,1.02231,-0.817871,1.02231,,1,,800000099.0,800100099.0,800000099.0,800100099.0,800001099.0,800001099.0,899999999.0,899999999.0,89999.0,89999.0,89.0,89.0,13.0,13.0,2.0,17.0,79.0,0.0,,0.0,0.0,100.0,6.41488,4,4.30205,0,1.59402,0,0.199289,0,0.00154753,0,323.478,0,,1,0.17503,-0.0099212,-0.817871,,98.6345,39.3105,-76.62375,64.0
2025-05-17 19:30:00,2025-05-17,2025-05-17 19:30:00,137.8123,18000.0,18000.0,0.0,0.0,-0.822939,0,1.0,189.34,0,0.0,69.3967,0,0.0,3.46922,0,0.0,1.58438,0,0.0,,1,0.0,16.0255,0,405.607,410.74,-0.1,0.0,493.79,0,12.4978,12.656,0.0,0.0,,1,,,,9.0,304.437,0,302.459,0,99.35371,0,1.13898,0,1012.61,0,0.0253101,0.102668,0.0088981,1.24204,4.06631,0.00781231,30.5447,2.82426,283.33,2.08295,0,-5.93429,0,1.38379,0,6.40333,-5.4626e-14,2.52068e-14,6.40333,0,15.6556,251.474,0,289.08,12.4803,0.850012,0,7.25203,-281.847,-0.144759,2.72837,-0.193133,-0.806086,1.02091,190.908,0,1.01493,55.5512,0,1.0223,-5.74358,0,1.0223,1.26827,1.0223,,1,,800000099.0,800100099.0,800000099.0,800100099.0,800001099.0,800001099.0,899999999.0,899999999.0,89999.0,89999.0,89.0,89.0,10.0,6.0,0.0,17.0,55.0,3.0,,0.0,0.0,100.0,8.33075,4,4.60008,0,1.57323,0,0.204291,0,0.00345384,0,78.2283,2,,1,0.165525,-0.00574358,1.26827,,98.6878,39.3105,-76.62375,64.0
2025-05-17 20:00:00,2025-05-17,2025-05-17 20:00:00,137.8332,18000.0,18000.0,0.0,0.0,-0.97787,0,0.0,174.986,0,0.0,-4.97072,8,2.0,5.77285,0,0.0,-0.113531,8,2.0,,1,0.0,16.0104,0,405.877,410.807,0.0,0.0,473.449,0,12.0023,12.1481,0.0,1.0,,1,,,,9.0,304.847,0,302.873,0,99.329895,0,1.13737,0,1012.35,0,0.0253508,-0.00735679,0.00853156,1.19251,4.16441,0.00750114,28.6357,2.9719,282.723,1.82843,0,-5.68322,0,1.31657,0,6.10478,-1.47287e-13,4.50732e-14,6.10478,0,15.2561,252.877,0,287.763,12.4544,0.927236,0,6.39434,-395.769,-0.10309,-35.2035,-0.163901,-0.95705,1.02176,172.023,0,1.01539,-14.9746,0,1.02256,-2.16587,0,1.02256,-0.342019,1.02256,,1,,800000099.0,800100099.0,800000099.0,800100099.0,800001099.0,800001099.0,899999999.0,899999999.0,89999.0,89999.0,89.0,89.0,6.0,4.0,0.0,34.0,48.0,2.0,,0.0,0.0,100.0,7.05227,4,4.33895,0,1.39747,0,0.157581,0,0.00245258,0,451.234,0,,1,0.149401,-0.00216587,-0.342019,,98.7171,39.3105,-76.62375,64.0
2025-05-17 20:30:00,2025-05-17,2025-05-17 20:30:00,137.854,18000.0,18000.0,0.0,0.0,-0.52468,0,1.0,120.299,0,1.0,97.1649,0,1.0,-0.497805,0,1.0,2.21927,0,1.0,,1,0.0,16.0007,0,405.713,410.606,0.0,0.0,469.939,0,11.9158,12.0595,0.0,0.0,,1,,,,9.0,304.89,0,302.888,0,99.3142,0,1.13717,0,1012.31,0,0.025356,0.143809,0.0084683,1.18372,4.16792,0.00744681,28.4008,2.9842,282.613,2.66057,0,-6.06928,0,1.40253,0,6.76493,6.45466e-14,9.92188e-15,6.76493,0,14.9475,246.774,0,293.597,11.9655,0.679257,0,4.53915,-226.288,-0.180301,1.23809,-0.153847,-0.514403,1.01998,124.696,0,1.01444,86.9887,0,1.02207,-6.76952,0,1.02207,1.98684,1.02207,,1,,800000099.0,800100099.0,800000099.0,800100099.0,800001099.0,800001099.0,899999999.0,899999999.0,89999.0,89999.0,89.0,89.0,8.0,18.0,0.0,34.0,46.0,13.0,,0.0,0.0,100.0,4.86466,0,2.82673,0,1.38692,0,0.0997887,0,0.000759226,2,132.246,0,,1,0.108321,-0.00676952,1.98684,,98.7516,39.3105,-76.62375,64.0
2025-05-17 21:00:00,2025-05-17,2025-05-17 21:00:00,137.8748,18000.0,18000.0,0.0,0.0,-0.475145,0,0.0,144.527,0,0.0,54.0638,0,1.0,1.26996,0,0.0,1.23495,0,1.0,,1,0.0,15.9984,0,405.694,410.679,0.0,0.0,478.721,0,12.1396,12.2888,0.0,0.0,,1,,,,9.0,304.971,0,302.989,0,99.338,0,1.13697,0,1012.43,0,0.0253584,0.0800249,0.00862656,1.20625,4.19216,0.00758734,28.7738,2.98592,282.893,1.85357,0,-4.23635,0,1.09493,0,4.74813,3.33062e-14,4.88736e-14,4.74813,0,13.2285,245.254,0,293.624,13.3325,0.646456,0,4.61808,-162.398,-0.251235,2.67327,-0.194221,-0.462709,1.02688,145.32,0,1.01831,43.6487,0,1.02461,-5.71998,0,1.02461,0.997045,1.02461,,1,,800000099.0,800000099.0,800000099.0,800100099.0,800001099.0,800001099.0,899999999.0,899999999.0,89999.0,89999.0,89.0,89.0,15.0,5.0,0.0,20.0,91.0,14.0,,0.0,0.0,100.0,5.92526,4,2.05381,0,1.2571,0,0.138128,0,0.000498879,2,49.4937,2,,1,0.126244,-0.00571998,0.997045,,98.7718,39.3105,-76.62375,64.0
2025-05-17 21:30:00,2025-05-17,2025-05-17 21:30:00,137.8956,18000.0,18000.0,0.0,0.0,-0.876262,0,0.0,148.591,0,0.0,74.22,0,0.0,-1.648,0,0.0,1.69537,0,0.0,,1,0.0,15.9909,0,405.574,410.538,0.0,0.0,476.702,0,12.0905,12.2384,0.0,0.0,,1,,,,9.0,304.983,0,302.987,0,99.3201,0,1.13679,0,1012.4,0,0.0253628,0.10986,0.00859017,1.2011501,4.19163,0.0075565,28.6559,2.99048,282.83,1.67986,0,-4.68626,0,1.06107,0,5.08667,-7.32205e-14,-2.89929e-15,5.08667,0,14.2028,249.542,0,289.713,12.0403,0.877964,0,5.26747,-395.63,-0.103127,2.00204,-0.147056,-0.854592,1.02536,150.706,0,1.01742,62.9242,0,1.02393,-8.93602,0,1.02393,1.43734,1.02393,,1,,800000099.0,800000099.0,800000099.0,800100099.0,800001099.0,800001099.0,899999999.0,899999999.0,89999.0,89999.0,89.0,89.0,3.0,11.0,0.0,36.0,80.0,4.0,,0.0,0.0,100.0,5.34651,4,3.74405,0,1.44438,0,0.0855211,0,0.000900383,2,39.5666,2,,1,0.130947,-0.00893602,1.43734,,98.7973,39.3105,-76.62375,64.0
2025-05-17 22:00:00,2025-05-17,2025-05-17 22:00:00,137.9165,18000.0,18000.0,0.0,0.0,-0.535784,0,1.0,112.958,0,0.0,61.3703,0,0.0,2.91085,0,0.0,1.40187,0,0.0,,1,0.0,15.9751,0,405.217,410.343,-0.1,0.0,492.544,0,12.4936,12.6517,0.0,0.0,,1,,,,9.0,305.167,0,303.002,0,99.3141,0,1.13649,0,1012.63,0,0.0253655,0.090841,0.00887565,1.24113,4.19522,0.00780968,29.5844,2.95409,283.319,1.69542,0,-4.19079,0,1.00706,0,4.63028,-1.10244e-14,-2.85924e-14,4.63028,0,13.1297,248.326,0,292.028,12.5619,0.686612,0,3.76833,-248.932,-0.1639,1.8406,-0.142952,-0.521468,1.02745,114.741,0,1.01865,52.317,0,1.02488,-2.76343,0,1.02488,1.19507,1.02488,,1,,800000099.0,800000099.0,800000099.0,800100099.0,800001099.0,800001099.0,899999999.0,899999999.0,89999.0,89999.0,89.0,89.0,18.0,3.0,0.0,42.0,55.0,29.0,,0.0,0.0,100.0,4.8479,0,1.76364,0,0.925107,0,0.0707668,0,0.0011484,0,37.0683,2,,1,0.0997013,-0.00276343,1.19507,,98.806,39.3105,-76.62375,64.0
2025-05-17 22:30:00,2025-05-17,2025-05-17 22:30:00,137.9373,18000.0,18000.0,0.0,0.0,-0.559182,0,0.0,46.0823,0,0.0,23.2603,0,1.0,-0.923694,0,0.0,0.531058,0,1.0,,1,0.0,16.0032,0,405.203,410.398,0.0,1.0,499.95,0,12.6588,12.8211,0.0,0.0,,1,,,,9.0,304.964,0,302.476,0,99.31979,0,1.13846,0,1012.7,0,0.0253201,0.0344125,0.0090091,1.2576,4.07017,0.00791339,30.8981,2.81257,283.516,1.34211,0,-4.34273,0,0.986662,0,4.64785,-2.15849e-14,1.97393e-14,4.64785,0,12.9851,254.025,0,287.137,12.2562,0.700837,0,3.42881,-648.94,-0.0628718,1.98115,-0.0570316,-0.544288,1.02737,46.6984,0,1.0186,19.5857,0,1.02484,-3.17477,0,1.02484,0.447163,1.02484,,1,,800000099.0,800000099.0,800000099.0,800100099.0,800001099.0,800011099.0,899999999.0,899999999.0,89999.0,89999.0,89.0,89.0,3.0,14.0,0.0,37.0,56.0,2.0,,0.0,0.0,100.0,3.62961,0,2.43207,0,0.795952,0,0.0567473,0,0.00328101,0,42.5507,2,,1,0.0405043,-0.00317477,0.447163,,98.8288,39.3105,-76.62375,64.0
2025-05-17 23:00:00,2025-05-17,2025-05-17 23:00:00,137.9581,18000.0,18000.0,0.0,0.0,-0.421852,0,0.0,7.77421,0,0.0,-6.20691,8,2.0,-1.55106,8,2.0,-0.141612,8,2.0,,1,0.0,16.0964,0,406.543,411.873,0.0,1.0,512.417,0,12.942,13.1117,0.0,1.0,,1,,,,9.0,304.514,0,301.767,0,99.3355,0,1.1412,0,1012.84,0,0.0252567,-0.00917648,0.00923375,1.2859399,3.9066699,0.00809129,32.9166,2.62072,283.851,0.958828,0,-3.9628,0,0.767021,0,4.14875,-1.26959e-14,-3.0661e-14,4.14875,0,8.99756,257.443,0,283.6,10.6541,0.607995,0,1.83097,-2511.83,-0.0162431,-1.25251,-0.0110626,-0.409516,1.03012,7.23208,0,1.02026,-6.45791,0,1.02621,-1.80495,0,1.02621,-0.147339,1.02621,,1,,800000099.0,800000099.0,800000099.0,800100099.0,800001099.0,800001099.0,899999999.0,899999999.0,89999.0,89999.0,89.0,89.0,11.0,23.0,0.0,75.0,69.0,9.0,,0.0,0.0,100.0,1.62024,0,1.47362,0,0.568078,0,0.00960208,0,0.00850456,0,43.7202,2,,1,0.00625695,-0.00180495,-0.147339,,98.8214,39.3105,-76.62375,64.0
2025-05-17 23:30:00,2025-05-17,2025-05-17 23:30:00,137.979,18000.0,18000.0,0.0,0.0,-0.231082,0,0.0,-1.7499,8,2.0,27.5112,0,0.0,19.8323,0,0.0,0.627357,0,0.0,,1,0.0,16.16,0,407.411,413.019,0.0,0.0,538.596,0,13.5786,13.7655,0.0,0.0,,1,,,,9.0,304.128,0,301.246,0,99.343796,0,1.14299,0,1013.18,0,0.0252111,0.0406527,0.0097055,1.34931,3.7903302,0.00849135,35.5987,2.44102,284.575,-0.312554,0,-4.49619,0,0.389905,0,4.52388,3.465e-14,-8.78458e-15,4.52388,0,8.74652,275.015,0,266.023,4.94436,0.449638,0,1.75502,4514.27,0.00903801,-0.0636071,0.00336067,-0.227985,1.01359,-0.00261017,0,1.00767,26.852,0,1.01505,19.3663,0,1.01505,0.612325,1.01505,,1,,800000099.0,800000099.0,800000099.0,800000099.0,800001099.0,800011099.0,899999999.0,899999999.0,89999.0,89999.0,89.0,89.0,7.0,1.0,1.0,80.0,56.0,15.0,,0.0,0.0,100.0,1.69973,0,1.39928,0,0.411026,0,0.0225686,0,0.0189501,0,80.2157,2,,1,-2.25394e-06,0.0193663,0.612325,,98.8128,39.3105,-76.62375,64.0
